<?xml version="1.0" encoding="UTF-8" ?>
<!-- This is a WordPress eXtended RSS file generated by WordPress as an export of your site. -->
<!-- It contains information about your site's posts, pages, comments, categories, and other content. -->
<!-- You may use this file to transfer that content from one site to another. -->
<!-- This file is not intended to serve as a complete backup of your site. -->

<!-- To import this information into a WordPress site follow these steps: -->
<!-- 1. Log in to that site as an administrator. -->
<!-- 2. Go to Tools: Import in the WordPress admin panel. -->
<!-- 3. Install the "WordPress" importer from the list. -->
<!-- 4. Activate & Run Importer. -->
<!-- 5. Upload this file using the form provided on that page. -->
<!-- 6. You will first be asked to map the authors in this export file to users -->
<!--    on the site. For each author, you may choose to map to an -->
<!--    existing user on the site or to create a new user. -->
<!-- 7. WordPress will then import each of the posts, pages, comments, categories, etc. -->
<!--    contained in this file into your site. -->

<!-- generator="WordPress/3.8.3" created="2014-04-15 20:25" -->
<rss version="2.0"
	xmlns:excerpt="http://wordpress.org/export/1.2/excerpt/"
	xmlns:content="http://purl.org/rss/1.0/modules/content/"
	xmlns:wfw="http://wellformedweb.org/CommentAPI/"
	xmlns:dc="http://purl.org/dc/elements/1.1/"
	xmlns:wp="http://wordpress.org/export/1.2/"
>

<channel>
	<title>cvCard WP</title>
	<link>http://themes.pixelwars.org/cvcard-wp</link>
	<description>Responsive vCard Theme</description>
	<pubDate>Tue, 15 Apr 2014 20:25:05 +0000</pubDate>
	<language>en-US</language>
	<wp:wxr_version>1.2</wp:wxr_version>
	<wp:base_site_url>http://themes.pixelwars.org/cvcard-wp</wp:base_site_url>
	<wp:base_blog_url>http://themes.pixelwars.org/cvcard-wp</wp:base_blog_url>

	<wp:author><wp:author_id>2</wp:author_id><wp:author_login>JOHNNYDOE</wp:author_login><wp:author_email>cvcard-wp-johnny-doe@pixelwars.org</wp:author_email><wp:author_display_name><![CDATA[JOHNNY DOE]]></wp:author_display_name><wp:author_first_name><![CDATA[JOHNNY]]></wp:author_first_name><wp:author_last_name><![CDATA[DOE]]></wp:author_last_name></wp:author>
	<wp:author><wp:author_id>1</wp:author_id><wp:author_login>pixelwars</wp:author_login><wp:author_email>mehmetsali@gmail.com</wp:author_email><wp:author_display_name><![CDATA[Developer]]></wp:author_display_name><wp:author_first_name><![CDATA[Developer]]></wp:author_first_name><wp:author_last_name><![CDATA[]]></wp:author_last_name></wp:author>


	<generator>http://wordpress.org/?v=3.8.3</generator>

	<item>
				<title>BEHIND THE EYES</title>
		<link>http://themes.pixelwars.org/cvcard-wp/portfolio/behind-the-eyes/</link>
		<pubDate>Thu, 10 Apr 2014 21:31:23 +0000</pubDate>
		<dc:creator><![CDATA[pixelwars]]></dc:creator>
		<guid isPermaLink="false">http://themes.pixelwars.org/cvcard-wp/?post_type=portfolio&#038;p=120</guid>
		<description></description>
		<content:encoded><![CDATA[[column width_md="12"] [portfolio_field] <iframe src="http://player.vimeo.com/video/75830203?title=0&amp;byline=0&amp;portrait=0&amp;color=009966" height="281" width="500"></iframe> [image src="http://themes.pixelwars.org/cvcard-wp/wp-content/uploads/2014/04/single-01.png"] [/portfolio_field] [/column][column width_md="6"] [portfolio_field]
<h3>DESCRIPTION</h3>
It is a long established fact that a reader will be distracted by the readable content of a page when looking at its layout. And also it is a long established fact that a reader will be distracted by the readable content of a page when looking at its layout. [launch_button_wrap][button text="LAUNCH PROJECT" color="primary" url="#"][/launch_button_wrap] [/portfolio_field] [/column] [column width_md="4"] [portfolio_field]
<h3>TECHNOLOGY</h3>
[portfolio_tags titles="HTML 5,CSS 3,jQuery,Responsive Design,PHP"] [/portfolio_field] [/column] [column width_md="2"] [portfolio_field]
<h3>CLIENT</h3>
Apple Inc. [/portfolio_field][/column]]]></content:encoded>
		<excerpt:encoded><![CDATA[]]></excerpt:encoded>
		<wp:post_id>120</wp:post_id>
		<wp:post_date>2014-04-10 21:31:23</wp:post_date>
		<wp:post_date_gmt>2014-04-10 21:31:23</wp:post_date_gmt>
		<wp:comment_status>closed</wp:comment_status>
		<wp:ping_status>closed</wp:ping_status>
		<wp:post_name>behind-the-eyes</wp:post_name>
		<wp:status>publish</wp:status>
		<wp:post_parent>0</wp:post_parent>
		<wp:menu_order>0</wp:menu_order>
		<wp:post_type>portfolio</wp:post_type>
		<wp:post_password></wp:post_password>
		<wp:is_sticky>0</wp:is_sticky>
		<category domain="department" nicename="logo"><![CDATA[LOGO]]></category>
		<wp:postmeta>
			<wp:meta_key>_edit_last</wp:meta_key>
			<wp:meta_value><![CDATA[1]]></wp:meta_value>
		</wp:postmeta>
		<wp:postmeta>
			<wp:meta_key>_thumbnail_id</wp:meta_key>
			<wp:meta_value><![CDATA[121]]></wp:meta_value>
		</wp:postmeta>
	</item>
	<item>
				<title>SKY IS THE LIMIT</title>
		<link>http://themes.pixelwars.org/cvcard-wp/portfolio/sky-is-the-limit/</link>
		<pubDate>Thu, 10 Apr 2014 21:35:20 +0000</pubDate>
		<dc:creator><![CDATA[pixelwars]]></dc:creator>
		<guid isPermaLink="false">http://themes.pixelwars.org/cvcard-wp/?post_type=portfolio&#038;p=123</guid>
		<description></description>
		<content:encoded><![CDATA[<span style="line-height: 1.5em;">[column width_md="8"]</span>

[portfolio_field][image src="http://themes.pixelwars.org/cvcard-wp/wp-content/uploads/2014/04/single-04.jpg"][image src="http://themes.pixelwars.org/cvcard-wp/wp-content/uploads/2014/04/single-03.jpg"][/portfolio_field]

[/column]
[column width_md="4"]

[portfolio_field]
<h3>DESCRIPTION</h3>
It is a long established fact that a reader will be distracted by the readable content of a page when looking at its layout. The point of using Lorem Ipsum is that it has a more-or-less normal distribution of letters, as opposed to using 'Content here, content here', making it look like readable English.
<h3>CLIENT</h3>
Apple Inc.
<h3>TECHNOLOGY</h3>
[portfolio_tags titles="HTML 5,CSS 3,jQuery,Responsive Design,WordPress"]

[launch_button_wrap][button text="LAUNCH PROJECT" color="primary" url="#"][/launch_button_wrap]

[/portfolio_field]
[/column]]]></content:encoded>
		<excerpt:encoded><![CDATA[]]></excerpt:encoded>
		<wp:post_id>123</wp:post_id>
		<wp:post_date>2014-04-10 21:35:20</wp:post_date>
		<wp:post_date_gmt>2014-04-10 21:35:20</wp:post_date_gmt>
		<wp:comment_status>closed</wp:comment_status>
		<wp:ping_status>closed</wp:ping_status>
		<wp:post_name>sky-is-the-limit</wp:post_name>
		<wp:status>publish</wp:status>
		<wp:post_parent>0</wp:post_parent>
		<wp:menu_order>0</wp:menu_order>
		<wp:post_type>portfolio</wp:post_type>
		<wp:post_password></wp:post_password>
		<wp:is_sticky>0</wp:is_sticky>
		<category domain="department" nicename="design-3"><![CDATA[DESIGN]]></category>
		<wp:postmeta>
			<wp:meta_key>_edit_last</wp:meta_key>
			<wp:meta_value><![CDATA[1]]></wp:meta_value>
		</wp:postmeta>
		<wp:postmeta>
			<wp:meta_key>_thumbnail_id</wp:meta_key>
			<wp:meta_value><![CDATA[124]]></wp:meta_value>
		</wp:postmeta>
	</item>
	<item>
				<title>RED DIAMOND</title>
		<link>http://themes.pixelwars.org/cvcard-wp/portfolio/red-diamond/</link>
		<pubDate>Thu, 10 Apr 2014 21:37:11 +0000</pubDate>
		<dc:creator><![CDATA[pixelwars]]></dc:creator>
		<guid isPermaLink="false">http://themes.pixelwars.org/cvcard-wp/?post_type=portfolio&#038;p=126</guid>
		<description></description>
		<content:encoded><![CDATA[<span style="line-height: 1.5em;">[column width_md="8"]</span>

[portfolio_field][image src="http://themes.pixelwars.org/cvcard-wp/wp-content/uploads/2014/04/single-05.png"][image src="http://themes.pixelwars.org/cvcard-wp/wp-content/uploads/2014/04/single-07.png"][/portfolio_field]

[/column]

[column width_md="4"]

[portfolio_field]
<h3>DESCRIPTION</h3>
It is a long established fact that a reader will be distracted by the readable content of a page when looking at its layout. The point of using Lorem Ipsum is that it has a more-or-less normal distribution of letters, as opposed to using 'Content here, content here', making it look like readable English.

Established fact that a reader will be distracted by the readable content of a page when looking at its layout. The point of using Lorem Ipsum is that it has a more-or-less normal distribution of letters.
<h3>CLIENT</h3>
Apple Inc.
<h3>TECHNOLOGY</h3>
[portfolio_tags titles="HTML 5,CSS 3,jQuery,Responsive Design"]

[launch_button_wrap][button text="LAUNCH PROJECT" color="primary" url="#"][/launch_button_wrap]

[/portfolio_field]

[/column]]]></content:encoded>
		<excerpt:encoded><![CDATA[]]></excerpt:encoded>
		<wp:post_id>126</wp:post_id>
		<wp:post_date>2014-04-10 21:37:11</wp:post_date>
		<wp:post_date_gmt>2014-04-10 21:37:11</wp:post_date_gmt>
		<wp:comment_status>closed</wp:comment_status>
		<wp:ping_status>closed</wp:ping_status>
		<wp:post_name>red-diamond</wp:post_name>
		<wp:status>publish</wp:status>
		<wp:post_parent>0</wp:post_parent>
		<wp:menu_order>0</wp:menu_order>
		<wp:post_type>portfolio</wp:post_type>
		<wp:post_password></wp:post_password>
		<wp:is_sticky>0</wp:is_sticky>
		<category domain="department" nicename="design-3"><![CDATA[DESIGN]]></category>
		<wp:postmeta>
			<wp:meta_key>_edit_last</wp:meta_key>
			<wp:meta_value><![CDATA[1]]></wp:meta_value>
		</wp:postmeta>
		<wp:postmeta>
			<wp:meta_key>_thumbnail_id</wp:meta_key>
			<wp:meta_value><![CDATA[127]]></wp:meta_value>
		</wp:postmeta>
	</item>
	<item>
				<title>VIRUS PROTECTION</title>
		<link>http://themes.pixelwars.org/cvcard-wp/portfolio/virus-protection/</link>
		<pubDate>Thu, 10 Apr 2014 21:39:17 +0000</pubDate>
		<dc:creator><![CDATA[pixelwars]]></dc:creator>
		<guid isPermaLink="false">http://themes.pixelwars.org/cvcard-wp/?post_type=portfolio&#038;p=129</guid>
		<description></description>
		<content:encoded><![CDATA[[column width_md="12"] [portfolio_field] <iframe src="http://player.vimeo.com/video/75830203?title=0&amp;byline=0&amp;portrait=0&amp;color=009966" height="281" width="500"></iframe> [image src="http://themes.pixelwars.org/cvcard-wp/wp-content/uploads/2014/04/single-01.png"] [/portfolio_field] [/column][column width_md="6"] [portfolio_field]
<h3>DESCRIPTION</h3>
It is a long established fact that a reader will be distracted by the readable content of a page when looking at its layout. And also it is a long established fact that a reader will be distracted by the readable content of a page when looking at its layout. [launch_button_wrap][button text="LAUNCH PROJECT" color="primary" url="#"][/launch_button_wrap] [/portfolio_field] [/column] [column width_md="4"] [portfolio_field]
<h3>TECHNOLOGY</h3>
[portfolio_tags titles="HTML 5,CSS 3,jQuery,Responsive Design,PHP"] [/portfolio_field] [/column] [column width_md="2"] [portfolio_field]
<h3>CLIENT</h3>
Apple Inc. [/portfolio_field][/column]]]></content:encoded>
		<excerpt:encoded><![CDATA[]]></excerpt:encoded>
		<wp:post_id>129</wp:post_id>
		<wp:post_date>2014-04-10 21:39:17</wp:post_date>
		<wp:post_date_gmt>2014-04-10 21:39:17</wp:post_date_gmt>
		<wp:comment_status>closed</wp:comment_status>
		<wp:ping_status>closed</wp:ping_status>
		<wp:post_name>virus-protection</wp:post_name>
		<wp:status>publish</wp:status>
		<wp:post_parent>0</wp:post_parent>
		<wp:menu_order>0</wp:menu_order>
		<wp:post_type>portfolio</wp:post_type>
		<wp:post_password></wp:post_password>
		<wp:is_sticky>0</wp:is_sticky>
		<category domain="department" nicename="coding"><![CDATA[CODING]]></category>
		<wp:postmeta>
			<wp:meta_key>_edit_last</wp:meta_key>
			<wp:meta_value><![CDATA[1]]></wp:meta_value>
		</wp:postmeta>
		<wp:postmeta>
			<wp:meta_key>_thumbnail_id</wp:meta_key>
			<wp:meta_value><![CDATA[130]]></wp:meta_value>
		</wp:postmeta>
	</item>
	<item>
				<title>SHINNY ROBOT</title>
		<link>http://themes.pixelwars.org/cvcard-wp/portfolio/shinny-robot/</link>
		<pubDate>Thu, 10 Apr 2014 21:41:33 +0000</pubDate>
		<dc:creator><![CDATA[pixelwars]]></dc:creator>
		<guid isPermaLink="false">http://themes.pixelwars.org/cvcard-wp/?post_type=portfolio&#038;p=132</guid>
		<description></description>
		<content:encoded><![CDATA[]]></content:encoded>
		<excerpt:encoded><![CDATA[]]></excerpt:encoded>
		<wp:post_id>132</wp:post_id>
		<wp:post_date>2014-04-10 21:41:33</wp:post_date>
		<wp:post_date_gmt>2014-04-10 21:41:33</wp:post_date_gmt>
		<wp:comment_status>closed</wp:comment_status>
		<wp:ping_status>closed</wp:ping_status>
		<wp:post_name>shinny-robot</wp:post_name>
		<wp:status>publish</wp:status>
		<wp:post_parent>0</wp:post_parent>
		<wp:menu_order>0</wp:menu_order>
		<wp:post_type>portfolio</wp:post_type>
		<wp:post_password></wp:post_password>
		<wp:is_sticky>0</wp:is_sticky>
		<category domain="department" nicename="logo"><![CDATA[LOGO]]></category>
		<wp:postmeta>
			<wp:meta_key>_edit_last</wp:meta_key>
			<wp:meta_value><![CDATA[1]]></wp:meta_value>
		</wp:postmeta>
		<wp:postmeta>
			<wp:meta_key>_thumbnail_id</wp:meta_key>
			<wp:meta_value><![CDATA[133]]></wp:meta_value>
		</wp:postmeta>
	</item>
	<item>
				<title>WIZARD ADVENTURE</title>
		<link>http://themes.pixelwars.org/cvcard-wp/portfolio/wizard-adventure/</link>
		<pubDate>Thu, 10 Apr 2014 21:55:39 +0000</pubDate>
		<dc:creator><![CDATA[pixelwars]]></dc:creator>
		<guid isPermaLink="false">http://themes.pixelwars.org/cvcard-wp/?post_type=portfolio&#038;p=135</guid>
		<description></description>
		<content:encoded><![CDATA[[portfolio_lightbox_image first_item="yes" title="Octopus is dangerous!" url="http://themes.pixelwars.org/cvcard-wp/wp-content/uploads/2014/04/lightbox-02.jpg"][portfolio_lightbox_image first_item="" title="" url="http://themes.pixelwars.org/cvcard-wp/wp-content/uploads/2014/04/lightbox-03.jpg"][portfolio_lightbox_image first_item="" title="Dog have dreams" url="http://themes.pixelwars.org/cvcard-wp/wp-content/uploads/2014/04/lightbox-04.jpg"]]]></content:encoded>
		<excerpt:encoded><![CDATA[]]></excerpt:encoded>
		<wp:post_id>135</wp:post_id>
		<wp:post_date>2014-04-10 21:55:39</wp:post_date>
		<wp:post_date_gmt>2014-04-10 21:55:39</wp:post_date_gmt>
		<wp:comment_status>closed</wp:comment_status>
		<wp:ping_status>closed</wp:ping_status>
		<wp:post_name>wizard-adventure</wp:post_name>
		<wp:status>publish</wp:status>
		<wp:post_parent>0</wp:post_parent>
		<wp:menu_order>0</wp:menu_order>
		<wp:post_type>portfolio</wp:post_type>
		<wp:post_password></wp:post_password>
		<wp:is_sticky>0</wp:is_sticky>
		<category domain="department" nicename="logo"><![CDATA[LOGO]]></category>
		<wp:postmeta>
			<wp:meta_key>_edit_last</wp:meta_key>
			<wp:meta_value><![CDATA[1]]></wp:meta_value>
		</wp:postmeta>
		<wp:postmeta>
			<wp:meta_key>_thumbnail_id</wp:meta_key>
			<wp:meta_value><![CDATA[136]]></wp:meta_value>
		</wp:postmeta>
	</item>
	<item>
				<title>EMPTY BATTERY</title>
		<link>http://themes.pixelwars.org/cvcard-wp/portfolio/empty-battery/</link>
		<pubDate>Thu, 10 Apr 2014 22:13:58 +0000</pubDate>
		<dc:creator><![CDATA[pixelwars]]></dc:creator>
		<guid isPermaLink="false">http://themes.pixelwars.org/cvcard-wp/?post_type=portfolio&#038;p=142</guid>
		<description></description>
		<content:encoded><![CDATA[[portfolio_lightbox_iframe first_item="yes" title="Soundcloud embed" src="https://w.soundcloud.com/player/?url=https%3A//api.soundcloud.com/tracks/129829419&amp;color=009966&amp;auto_play=false&amp;show_artwork=true"]]]></content:encoded>
		<excerpt:encoded><![CDATA[]]></excerpt:encoded>
		<wp:post_id>142</wp:post_id>
		<wp:post_date>2014-04-10 22:13:58</wp:post_date>
		<wp:post_date_gmt>2014-04-10 22:13:58</wp:post_date_gmt>
		<wp:comment_status>closed</wp:comment_status>
		<wp:ping_status>closed</wp:ping_status>
		<wp:post_name>empty-battery</wp:post_name>
		<wp:status>publish</wp:status>
		<wp:post_parent>0</wp:post_parent>
		<wp:menu_order>0</wp:menu_order>
		<wp:post_type>portfolio</wp:post_type>
		<wp:post_password></wp:post_password>
		<wp:is_sticky>0</wp:is_sticky>
		<category domain="department" nicename="coding"><![CDATA[CODING]]></category>
		<wp:postmeta>
			<wp:meta_key>_edit_last</wp:meta_key>
			<wp:meta_value><![CDATA[1]]></wp:meta_value>
		</wp:postmeta>
		<wp:postmeta>
			<wp:meta_key>_thumbnail_id</wp:meta_key>
			<wp:meta_value><![CDATA[143]]></wp:meta_value>
		</wp:postmeta>
	</item>
	<item>
				<title>WORLD WAR X</title>
		<link>http://themes.pixelwars.org/cvcard-wp/portfolio/world-war-x/</link>
		<pubDate>Thu, 10 Apr 2014 22:15:58 +0000</pubDate>
		<dc:creator><![CDATA[pixelwars]]></dc:creator>
		<guid isPermaLink="false">http://themes.pixelwars.org/cvcard-wp/?post_type=portfolio&#038;p=145</guid>
		<description></description>
		<content:encoded><![CDATA[[portfolio_lightbox_image first_item="yes" title="an illustration by Vasili Tkach" url="http://themes.pixelwars.org/cvcard-wp/wp-content/uploads/2014/04/lightbox-01.jpg"]]]></content:encoded>
		<excerpt:encoded><![CDATA[]]></excerpt:encoded>
		<wp:post_id>145</wp:post_id>
		<wp:post_date>2014-04-10 22:15:58</wp:post_date>
		<wp:post_date_gmt>2014-04-10 22:15:58</wp:post_date_gmt>
		<wp:comment_status>closed</wp:comment_status>
		<wp:ping_status>closed</wp:ping_status>
		<wp:post_name>world-war-x</wp:post_name>
		<wp:status>publish</wp:status>
		<wp:post_parent>0</wp:post_parent>
		<wp:menu_order>0</wp:menu_order>
		<wp:post_type>portfolio</wp:post_type>
		<wp:post_password></wp:post_password>
		<wp:is_sticky>0</wp:is_sticky>
		<category domain="department" nicename="design-3"><![CDATA[DESIGN]]></category>
		<wp:postmeta>
			<wp:meta_key>_edit_last</wp:meta_key>
			<wp:meta_value><![CDATA[1]]></wp:meta_value>
		</wp:postmeta>
		<wp:postmeta>
			<wp:meta_key>_thumbnail_id</wp:meta_key>
			<wp:meta_value><![CDATA[146]]></wp:meta_value>
		</wp:postmeta>
	</item>
	<item>
				<title>SLEEPY GAMES</title>
		<link>http://themes.pixelwars.org/cvcard-wp/portfolio/sleepy-games/</link>
		<pubDate>Thu, 10 Apr 2014 22:22:59 +0000</pubDate>
		<dc:creator><![CDATA[pixelwars]]></dc:creator>
		<guid isPermaLink="false">http://themes.pixelwars.org/cvcard-wp/?post_type=portfolio&#038;p=150</guid>
		<description></description>
		<content:encoded><![CDATA[[portfolio_lightbox_iframe first_item="yes" title="Paper by FiftyThree" src="http://player.vimeo.com/video/79380715?title=0&amp;byline=0&amp;portrait=0&amp;color=009966"]]]></content:encoded>
		<excerpt:encoded><![CDATA[]]></excerpt:encoded>
		<wp:post_id>150</wp:post_id>
		<wp:post_date>2014-04-10 22:22:59</wp:post_date>
		<wp:post_date_gmt>2014-04-10 22:22:59</wp:post_date_gmt>
		<wp:comment_status>closed</wp:comment_status>
		<wp:ping_status>closed</wp:ping_status>
		<wp:post_name>sleepy-games</wp:post_name>
		<wp:status>publish</wp:status>
		<wp:post_parent>0</wp:post_parent>
		<wp:menu_order>0</wp:menu_order>
		<wp:post_type>portfolio</wp:post_type>
		<wp:post_password></wp:post_password>
		<wp:is_sticky>0</wp:is_sticky>
		<category domain="department" nicename="coding"><![CDATA[CODING]]></category>
		<wp:postmeta>
			<wp:meta_key>_edit_last</wp:meta_key>
			<wp:meta_value><![CDATA[1]]></wp:meta_value>
		</wp:postmeta>
		<wp:postmeta>
			<wp:meta_key>_thumbnail_id</wp:meta_key>
			<wp:meta_value><![CDATA[151]]></wp:meta_value>
		</wp:postmeta>
	</item>
	<item>
				<title>ON THE DESERT</title>
		<link>http://themes.pixelwars.org/cvcard-wp/portfolio/on-the-desert/</link>
		<pubDate>Thu, 10 Apr 2014 22:32:03 +0000</pubDate>
		<dc:creator><![CDATA[pixelwars]]></dc:creator>
		<guid isPermaLink="false">http://themes.pixelwars.org/cvcard-wp/?post_type=portfolio&#038;p=153</guid>
		<description></description>
		<content:encoded><![CDATA[<span style="line-height: 1.5em;">[column width_md="8"]</span>

[portfolio_field][image src="http://themes.pixelwars.org/cvcard-wp/wp-content/uploads/2014/04/single-04.jpg"][image src="http://themes.pixelwars.org/cvcard-wp/wp-content/uploads/2014/04/single-03.jpg"][/portfolio_field]

[/column]
[column width_md="4"]

[portfolio_field]
<h3>DESCRIPTION</h3>
It is a long established fact that a reader will be distracted by the readable content of a page when looking at its layout. The point of using Lorem Ipsum is that it has a more-or-less normal distribution of letters, as opposed to using 'Content here, content here', making it look like readable English.
<h3>CLIENT</h3>
Apple Inc.
<h3>TECHNOLOGY</h3>
[portfolio_tags titles="HTML 5,CSS 3,jQuery,Responsive Design,WordPress"]

[launch_button_wrap][button text="LAUNCH PROJECT" color="primary" url="#"][/launch_button_wrap]

[/portfolio_field]
[/column]]]></content:encoded>
		<excerpt:encoded><![CDATA[]]></excerpt:encoded>
		<wp:post_id>153</wp:post_id>
		<wp:post_date>2014-04-10 22:32:03</wp:post_date>
		<wp:post_date_gmt>2014-04-10 22:32:03</wp:post_date_gmt>
		<wp:comment_status>closed</wp:comment_status>
		<wp:ping_status>closed</wp:ping_status>
		<wp:post_name>on-the-desert</wp:post_name>
		<wp:status>publish</wp:status>
		<wp:post_parent>0</wp:post_parent>
		<wp:menu_order>0</wp:menu_order>
		<wp:post_type>portfolio</wp:post_type>
		<wp:post_password></wp:post_password>
		<wp:is_sticky>0</wp:is_sticky>
		<category domain="department" nicename="coding"><![CDATA[CODING]]></category>
		<wp:postmeta>
			<wp:meta_key>_edit_last</wp:meta_key>
			<wp:meta_value><![CDATA[1]]></wp:meta_value>
		</wp:postmeta>
		<wp:postmeta>
			<wp:meta_key>_thumbnail_id</wp:meta_key>
			<wp:meta_value><![CDATA[154]]></wp:meta_value>
		</wp:postmeta>
	</item>
	<item>
				<title>PERSONAL CV PROJECT</title>
		<link>http://themes.pixelwars.org/cvcard-wp/portfolio/personal-cv-project/</link>
		<pubDate>Thu, 10 Apr 2014 22:33:33 +0000</pubDate>
		<dc:creator><![CDATA[pixelwars]]></dc:creator>
		<guid isPermaLink="false">http://themes.pixelwars.org/cvcard-wp/?post_type=portfolio&#038;p=156</guid>
		<description></description>
		<content:encoded><![CDATA[<span style="line-height: 1.5em;">[column width_md="8"]</span>

[portfolio_field][image src="http://themes.pixelwars.org/cvcard-wp/wp-content/uploads/2014/04/single-05.png"][image src="http://themes.pixelwars.org/cvcard-wp/wp-content/uploads/2014/04/single-07.png"][/portfolio_field]

[/column]

[column width_md="4"]

[portfolio_field]
<h3>DESCRIPTION</h3>
It is a long established fact that a reader will be distracted by the readable content of a page when looking at its layout. The point of using Lorem Ipsum is that it has a more-or-less normal distribution of letters, as opposed to using 'Content here, content here', making it look like readable English.

Established fact that a reader will be distracted by the readable content of a page when looking at its layout. The point of using Lorem Ipsum is that it has a more-or-less normal distribution of letters.
<h3>CLIENT</h3>
Apple Inc.
<h3>TECHNOLOGY</h3>
[portfolio_tags titles="HTML 5,CSS 3,jQuery,Responsive Design"]

[launch_button_wrap][button text="LAUNCH PROJECT" color="primary" url="#"][/launch_button_wrap]

[/portfolio_field]

[/column]]]></content:encoded>
		<excerpt:encoded><![CDATA[]]></excerpt:encoded>
		<wp:post_id>156</wp:post_id>
		<wp:post_date>2014-04-10 22:33:33</wp:post_date>
		<wp:post_date_gmt>2014-04-10 22:33:33</wp:post_date_gmt>
		<wp:comment_status>closed</wp:comment_status>
		<wp:ping_status>closed</wp:ping_status>
		<wp:post_name>personal-cv-project</wp:post_name>
		<wp:status>publish</wp:status>
		<wp:post_parent>0</wp:post_parent>
		<wp:menu_order>0</wp:menu_order>
		<wp:post_type>portfolio</wp:post_type>
		<wp:post_password></wp:post_password>
		<wp:is_sticky>0</wp:is_sticky>
		<category domain="department" nicename="design-3"><![CDATA[DESIGN]]></category>
		<wp:postmeta>
			<wp:meta_key>_edit_last</wp:meta_key>
			<wp:meta_value><![CDATA[1]]></wp:meta_value>
		</wp:postmeta>
		<wp:postmeta>
			<wp:meta_key>_thumbnail_id</wp:meta_key>
			<wp:meta_value><![CDATA[157]]></wp:meta_value>
		</wp:postmeta>
	</item>
</channel>
</rss>
