<?xml version="1.0" encoding="UTF-8" ?>
<!-- This is a WordPress eXtended RSS file generated by WordPress as an export of your site. -->
<!-- It contains information about your site's posts, pages, comments, categories, and other content. -->
<!-- You may use this file to transfer that content from one site to another. -->
<!-- This file is not intended to serve as a complete backup of your site. -->

<!-- To import this information into a WordPress site follow these steps: -->
<!-- 1. Log in to that site as an administrator. -->
<!-- 2. Go to Tools: Import in the WordPress admin panel. -->
<!-- 3. Install the "WordPress" importer from the list. -->
<!-- 4. Activate & Run Importer. -->
<!-- 5. Upload this file using the form provided on that page. -->
<!-- 6. You will first be asked to map the authors in this export file to users -->
<!--    on the site. For each author, you may choose to map to an -->
<!--    existing user on the site or to create a new user. -->
<!-- 7. WordPress will then import each of the posts, pages, comments, categories, etc. -->
<!--    contained in this file into your site. -->

<!-- generator="WordPress/3.8.3" created="2014-04-15 20:24" -->
<rss version="2.0"
	xmlns:excerpt="http://wordpress.org/export/1.2/excerpt/"
	xmlns:content="http://purl.org/rss/1.0/modules/content/"
	xmlns:wfw="http://wellformedweb.org/CommentAPI/"
	xmlns:dc="http://purl.org/dc/elements/1.1/"
	xmlns:wp="http://wordpress.org/export/1.2/"
>

<channel>
	<title>cvCard WP</title>
	<link>http://themes.pixelwars.org/cvcard-wp</link>
	<description>Responsive vCard Theme</description>
	<pubDate>Tue, 15 Apr 2014 20:24:45 +0000</pubDate>
	<language>en-US</language>
	<wp:wxr_version>1.2</wp:wxr_version>
	<wp:base_site_url>http://themes.pixelwars.org/cvcard-wp</wp:base_site_url>
	<wp:base_blog_url>http://themes.pixelwars.org/cvcard-wp</wp:base_blog_url>

	<wp:author><wp:author_id>2</wp:author_id><wp:author_login>JOHNNYDOE</wp:author_login><wp:author_email>cvcard-wp-johnny-doe@pixelwars.org</wp:author_email><wp:author_display_name><![CDATA[JOHNNY DOE]]></wp:author_display_name><wp:author_first_name><![CDATA[JOHNNY]]></wp:author_first_name><wp:author_last_name><![CDATA[DOE]]></wp:author_last_name></wp:author>
	<wp:author><wp:author_id>1</wp:author_id><wp:author_login>pixelwars</wp:author_login><wp:author_email>mehmetsali@gmail.com</wp:author_email><wp:author_display_name><![CDATA[Developer]]></wp:author_display_name><wp:author_first_name><![CDATA[Developer]]></wp:author_first_name><wp:author_last_name><![CDATA[]]></wp:author_last_name></wp:author>


	<generator>http://wordpress.org/?v=3.8.3</generator>

	<item>
				<title>Homepage</title>
		<link>http://themes.pixelwars.org/cvcard-wp/</link>
		<pubDate>Thu, 10 Apr 2014 12:01:00 +0000</pubDate>
		<dc:creator><![CDATA[pixelwars]]></dc:creator>
		<guid isPermaLink="false">http://themes.pixelwars.org/cvcard-wp/?page_id=34</guid>
		<description></description>
		<content:encoded><![CDATA[]]></content:encoded>
		<excerpt:encoded><![CDATA[]]></excerpt:encoded>
		<wp:post_id>34</wp:post_id>
		<wp:post_date>2014-04-10 12:01:00</wp:post_date>
		<wp:post_date_gmt>2014-04-10 12:01:00</wp:post_date_gmt>
		<wp:comment_status>closed</wp:comment_status>
		<wp:ping_status>closed</wp:ping_status>
		<wp:post_name>homepage</wp:post_name>
		<wp:status>publish</wp:status>
		<wp:post_parent>0</wp:post_parent>
		<wp:menu_order>0</wp:menu_order>
		<wp:post_type>page</wp:post_type>
		<wp:post_password></wp:post_password>
		<wp:is_sticky>0</wp:is_sticky>
		<wp:postmeta>
			<wp:meta_key>_edit_last</wp:meta_key>
			<wp:meta_value><![CDATA[1]]></wp:meta_value>
		</wp:postmeta>
		<wp:postmeta>
			<wp:meta_key>_wp_page_template</wp:meta_key>
			<wp:meta_value><![CDATA[template-cvcard.php]]></wp:meta_value>
		</wp:postmeta>
	</item>
	<item>
				<title>Blog</title>
		<link>http://themes.pixelwars.org/cvcard-wp/blog/</link>
		<pubDate>Thu, 10 Apr 2014 12:07:32 +0000</pubDate>
		<dc:creator><![CDATA[pixelwars]]></dc:creator>
		<guid isPermaLink="false">http://themes.pixelwars.org/cvcard-wp/?page_id=36</guid>
		<description></description>
		<content:encoded><![CDATA[]]></content:encoded>
		<excerpt:encoded><![CDATA[]]></excerpt:encoded>
		<wp:post_id>36</wp:post_id>
		<wp:post_date>2014-04-10 12:07:32</wp:post_date>
		<wp:post_date_gmt>2014-04-10 12:07:32</wp:post_date_gmt>
		<wp:comment_status>closed</wp:comment_status>
		<wp:ping_status>closed</wp:ping_status>
		<wp:post_name>blog</wp:post_name>
		<wp:status>publish</wp:status>
		<wp:post_parent>0</wp:post_parent>
		<wp:menu_order>0</wp:menu_order>
		<wp:post_type>page</wp:post_type>
		<wp:post_password></wp:post_password>
		<wp:is_sticky>0</wp:is_sticky>
		<wp:postmeta>
			<wp:meta_key>_wp_page_template</wp:meta_key>
			<wp:meta_value><![CDATA[default]]></wp:meta_value>
		</wp:postmeta>
		<wp:postmeta>
			<wp:meta_key>_edit_last</wp:meta_key>
			<wp:meta_value><![CDATA[1]]></wp:meta_value>
		</wp:postmeta>
	</item>
	<item>
				<title>about me</title>
		<link>http://themes.pixelwars.org/cvcard-wp/about-me/</link>
		<pubDate>Thu, 10 Apr 2014 12:21:24 +0000</pubDate>
		<dc:creator><![CDATA[pixelwars]]></dc:creator>
		<guid isPermaLink="false">http://themes.pixelwars.org/cvcard-wp/?page_id=38</guid>
		<description></description>
		<content:encoded><![CDATA[[row]

[column width_md="8"]

[section_title icon="icon-guest" text="A LITTLE ABOUT ME"]

[intro]

Hello. I am [rotate_words titles="an illustrator.,a writer.,a freelancer.,an inventor.,a wordpress fan.,a coffee lover."]

I live in a small town somewhere in the world.

I am passionated about <strong>minimalistic</strong> and flat design.

[/intro]

[/column]

[column width_md="4"]

[section_title icon="icon-twitter" text="LATEST TWEETS"]

[latest_tweets count="1" id="388393979672150017"]

[/column]

[/row]

[section_title icon="fa-magic" text="SERVICES"]

[row]

[column width="6" width_md="3"]

[service color="color1" icon="fa-html5"]
<h4>WEB DESIGN</h4>
I design super cool websites. It is a long established fact that a reader will be distracted by the readable content.

[/service]

[/column]

[column width="6" width_md="3"]

[service color="color2" icon="fa-font"]
<h4>TYPE DESIGN</h4>
I can design beautiful type faces for both digital and print media. It is a long established fact that a reader will be distracted.

[/service]

[/column]

[column width="6" width_md="3"]

[service color="color3" icon="icon-smashmag"]
<h4>BLOG WRITER</h4>
I write about web design. It is a long established fact that a reader will be distracted by the readable content.

[/service]

[/column]

[column width="6" width_md="3"]

[service color="color4" icon="fa-rocket"]
<h4>PROJECT MANAGEMENT</h4>
I have strong project management skills. It is a long established fact that a reader will be distracted by the readable content.

[/service]

[/column]

[/row]

[section_title icon="icon-layers-alt" text="WORK PROCESS"]

[row]

[column width="4" width_xs="6" width_md="2"]

[process icon="icon-lamp" text="IDEA"]

[/column]

[column width="4" width_xs="6" width_md="2"]

[process icon="fa-puzzle-piece" text="CONCEPT"]

[/column]

[column width="4" width_xs="6" width_md="2"]

[process icon="icon-brush" text="DESIGN"]

[/column]

[column width="4" width_xs="6" width_md="2"]

[process icon="fa-code" text="DEVELOP"]

[/column]

[column width="4" width_xs="6" width_md="2"]

[process icon="fa-bug" text="TEST"]

[/column]

[column width="4" width_xs="6" width_md="2"]

[process icon="fa-rocket" text="LAUNCH"]

[/column]

[/row]

[section_title text="FUN FACT"]

[row]

[column width="6" width_md="3"]

[fun_fact icon="icon-instagram-1" text="24000 SHOTS CAPTURED"]

[/column]

[column width="6" width_md="3"]

[fun_fact icon="icon-jabber" text="37 PROJECTS COMPLETED"]

[/column]

[column width="6" width_md="3"]

[fun_fact icon="icon-child" text="87 SATISFIED CUSTOMERS"]

[/column]

[column width="6" width_md="3"]

[fun_fact icon="icon-bicycle" text="1450 KM CYCLED"]

[/column]

[/row]

[section_title text="CLEINTS"]

[row]

[column width="4" width_xs="6" width_md="2"]

[client image="http://themes.pixelwars.org/cvcard-wp/wp-content/uploads/2014/04/client-01.png" url="#"]

[/column]

[column width="4" width_xs="6" width_md="2"]

[client image="http://themes.pixelwars.org/cvcard-wp/wp-content/uploads/2014/04/client-02.png" url="#"]

[/column]

[column width="4" width_xs="6" width_md="2"]

[client image="http://themes.pixelwars.org/cvcard-wp/wp-content/uploads/2014/04/client-03.png" url="#"]

[/column]

[column width="4" width_xs="6" width_md="2"]

[client image="http://themes.pixelwars.org/cvcard-wp/wp-content/uploads/2014/04/client-04.png" url="#"]

[/column]

[column width="4" width_xs="6" width_md="2"]

[client image="http://themes.pixelwars.org/cvcard-wp/wp-content/uploads/2014/04/client-05.png" url="#"]

[/column]

[column width="4" width_xs="6" width_md="2"]

[client image="http://themes.pixelwars.org/cvcard-wp/wp-content/uploads/2014/04/client-06.png" url="#"]

[/column]

[/row]

[section_title  text="OTHER PAGES"]
<ul>
	<li><a href="http://themes.pixelwars.org/cvcard-wp/404">404</a></li>
	<li><a href="http://themes.pixelwars.org/cvcard-wp/blog">Blog</a></li>
	<li><a href="http://themes.pixelwars.org/cvcard-wp/tips-for-better-character-sketching">Blog Single</a></li>
	<li><a href="http://themes.pixelwars.org/cvcard-wp/form-elements">Form Elements</a></li>
	<li><a href="http://themes.pixelwars.org/cvcard-wp/grid">Grid</a></li>
	<li><a href="http://themes.pixelwars.org/cvcard-wp/shortcodes">Shortcodes</a></li>
	<li><a href="http://themes.pixelwars.org/cvcard-wp/typography">Typography</a></li>
</ul>]]></content:encoded>
		<excerpt:encoded><![CDATA[]]></excerpt:encoded>
		<wp:post_id>38</wp:post_id>
		<wp:post_date>2014-04-10 12:21:24</wp:post_date>
		<wp:post_date_gmt>2014-04-10 12:21:24</wp:post_date_gmt>
		<wp:comment_status>closed</wp:comment_status>
		<wp:ping_status>closed</wp:ping_status>
		<wp:post_name>about-me</wp:post_name>
		<wp:status>publish</wp:status>
		<wp:post_parent>0</wp:post_parent>
		<wp:menu_order>0</wp:menu_order>
		<wp:post_type>page</wp:post_type>
		<wp:post_password></wp:post_password>
		<wp:is_sticky>0</wp:is_sticky>
		<wp:postmeta>
			<wp:meta_key>_edit_last</wp:meta_key>
			<wp:meta_value><![CDATA[1]]></wp:meta_value>
		</wp:postmeta>
		<wp:postmeta>
			<wp:meta_key>_wp_page_template</wp:meta_key>
			<wp:meta_value><![CDATA[template-full_width_page.php]]></wp:meta_value>
		</wp:postmeta>
	</item>
	<item>
				<title>portfolio</title>
		<link>http://themes.pixelwars.org/cvcard-wp/portfolio/</link>
		<pubDate>Thu, 10 Apr 2014 12:21:44 +0000</pubDate>
		<dc:creator><![CDATA[pixelwars]]></dc:creator>
		<guid isPermaLink="false">http://themes.pixelwars.org/cvcard-wp/?page_id=40</guid>
		<description></description>
		<content:encoded><![CDATA[]]></content:encoded>
		<excerpt:encoded><![CDATA[]]></excerpt:encoded>
		<wp:post_id>40</wp:post_id>
		<wp:post_date>2014-04-10 12:21:44</wp:post_date>
		<wp:post_date_gmt>2014-04-10 12:21:44</wp:post_date_gmt>
		<wp:comment_status>closed</wp:comment_status>
		<wp:ping_status>closed</wp:ping_status>
		<wp:post_name>portfolio</wp:post_name>
		<wp:status>publish</wp:status>
		<wp:post_parent>0</wp:post_parent>
		<wp:menu_order>0</wp:menu_order>
		<wp:post_type>page</wp:post_type>
		<wp:post_password></wp:post_password>
		<wp:is_sticky>0</wp:is_sticky>
		<wp:postmeta>
			<wp:meta_key>_edit_last</wp:meta_key>
			<wp:meta_value><![CDATA[1]]></wp:meta_value>
		</wp:postmeta>
		<wp:postmeta>
			<wp:meta_key>_wp_page_template</wp:meta_key>
			<wp:meta_value><![CDATA[default]]></wp:meta_value>
		</wp:postmeta>
	</item>
	<item>
				<title>contact</title>
		<link>http://themes.pixelwars.org/cvcard-wp/contact/</link>
		<pubDate>Thu, 10 Apr 2014 12:22:09 +0000</pubDate>
		<dc:creator><![CDATA[pixelwars]]></dc:creator>
		<guid isPermaLink="false">http://themes.pixelwars.org/cvcard-wp/?page_id=42</guid>
		<description></description>
		<content:encoded><![CDATA[[row]

[column width_md="6"]

[section_title icon="icon-address-book" text="LET'S GET IN TOUCH"]

[letter title="Johhny Alexander Doe" email="johhny@gmail.com" telephone="123 456 78 99" address="121 King Street, Melbourne Victoria 3000 Australia" image_url="http://themes.pixelwars.org/cvcard-wp/wp-content/uploads/2014/04/stamp-image.png"]

[section_title icon="icon-paper-plane" text="DROP ME A LINE"]

[contact_form to="johhny@doe.com" subject="Contact form message from: (cvCard WP — themes.pixelwars.org/cvcard-wp)"]

[/column]

[column width_md="6"]

[section_title icon="icon-chat" text="LET'S SOCIALIZE"]

[social_icon first_icon="yes" last_icon="" type="facebook" url="#"]

[social_icon first_icon="" last_icon="" type="twitter" url="#"]

[social_icon first_icon="" last_icon="" type="google-plus" url="#"]

[social_icon first_icon="" last_icon="" type="linkedin" url="#"]

[social_icon first_icon="" last_icon="" type="xing" url="#"]

[social_icon first_icon="" last_icon="" type="instagram" url="#"]

[social_icon first_icon="" last_icon="" type="picasa" url="#"]

[social_icon first_icon="" last_icon="" type="pinterest" url="#"]

[social_icon first_icon="" last_icon="" type="flickr" url="#"]

[social_icon first_icon="" last_icon="" type="fivehundredpx" url="#"]

[social_icon first_icon="" last_icon="" type="behance" url="#"]

[social_icon first_icon="" last_icon="" type="delicious" url="#"]

[social_icon first_icon="" last_icon="" type="digg" url="#"]

[social_icon first_icon="" last_icon="" type="friendfeed" url="#"]

[social_icon first_icon="" last_icon="" type="dribbble" url="#"]

[social_icon first_icon="" last_icon="" type="forrst" url="#"]

[social_icon first_icon="" last_icon="" type="youtube" url="#"]

[social_icon first_icon="" last_icon="" type="vimeo" url="#"]

[social_icon first_icon="" last_icon="" type="soundcloud" url="#"]

[social_icon first_icon="" last_icon="" type="lastfm" url="#"]

[social_icon first_icon="" last_icon="" type="tumblr" url="#"]

[social_icon first_icon="" last_icon="" type="blogger" url="#"]

[social_icon first_icon="" last_icon="" type="wordpress" url="#"]

[social_icon first_icon="" last_icon="" type="skype" url="#"]

[social_icon first_icon="" last_icon="" type="github" url="#"]

[social_icon first_icon="" last_icon="" type="stack-overflow" url="#"]

[social_icon first_icon="" last_icon="" type="foursquare" url="#"]

[social_icon first_icon="" last_icon="" type="weibo" url="#"]

[social_icon first_icon="" last_icon="" type="slideshare" url="#"]

[social_icon first_icon="" last_icon="yes" type="rss" url="http://themes.pixelwars.org/cvcard-wp/feed"]

[section_title icon="icon-location" text="LOCATION"]

[map latitude="-25.363882" longitude="131.044922" zoom="4"]

[/column]

[/row]]]></content:encoded>
		<excerpt:encoded><![CDATA[]]></excerpt:encoded>
		<wp:post_id>42</wp:post_id>
		<wp:post_date>2014-04-10 12:22:09</wp:post_date>
		<wp:post_date_gmt>2014-04-10 12:22:09</wp:post_date_gmt>
		<wp:comment_status>closed</wp:comment_status>
		<wp:ping_status>closed</wp:ping_status>
		<wp:post_name>contact</wp:post_name>
		<wp:status>publish</wp:status>
		<wp:post_parent>0</wp:post_parent>
		<wp:menu_order>0</wp:menu_order>
		<wp:post_type>page</wp:post_type>
		<wp:post_password></wp:post_password>
		<wp:is_sticky>0</wp:is_sticky>
		<wp:postmeta>
			<wp:meta_key>_edit_last</wp:meta_key>
			<wp:meta_value><![CDATA[1]]></wp:meta_value>
		</wp:postmeta>
		<wp:postmeta>
			<wp:meta_key>_wp_page_template</wp:meta_key>
			<wp:meta_value><![CDATA[template-full_width_page.php]]></wp:meta_value>
		</wp:postmeta>
	</item>
	<item>
				<title>resume</title>
		<link>http://themes.pixelwars.org/cvcard-wp/resume/</link>
		<pubDate>Thu, 10 Apr 2014 12:22:28 +0000</pubDate>
		<dc:creator><![CDATA[pixelwars]]></dc:creator>
		<guid isPermaLink="false">http://themes.pixelwars.org/cvcard-wp/?page_id=44</guid>
		<description></description>
		<content:encoded><![CDATA[[row]

[column width_md="6"]

[timeline title="WORK HISTORY" icon="fa-flask"]

[event date="2012" current="yes"]
<h4>Front End Web Developer</h4>
<h5>PIXELWARS INC.</h5>
I currently work for Pixelwars creative studio. I create usable web interfaces, front end coding stuff and almost anything. But i love what i do.

[/event]

[event date="2010" current=""]
<h4>Web Developer</h4>
<h5>GOOGLE INC.</h5>
I worked as a Web Developer at Google for 3 years. I create usable web interfaces, front end coding stuff and almost anything. But i love what i do.

[/event]

[event date="2006" current=""]
<h4>Exclusive Author</h4>
<h5>ENVATO INC.</h5>
I am an Elite Author at Envato. I create usable web interfaces, front end coding stuff and almost anything. But i love what i do.

[/event]

[/timeline]

[timeline title="EDUCATION HISTORY" icon="icon-college"]

[event date="2012" current=""]
<h4>Atom Science</h4>
<h5>STANFORD UNIVERSITY</h5>
I studied atomic stuff at Stanford University. I create usable web interfaces, front end coding stuff and almost anything. But i love what i do.

[/event]

[event date="2010" current=""]
<h4>Software Engineering</h4>
<h5>HARVARD UNIVERSITY</h5>
I got my Master Degree at Harvard University. I create usable web interfaces, front end coding stuff and almost anything. But i love what i do.

[/event]

[event date="2006" current=""]
<h4>Computer Science</h4>
<h5>MIT</h5>
I studied Computer Science at MIT. I create usable web interfaces, front end coding stuff and almost anything. But i love what i do.

[/event]

[/timeline]

[/column]

[column width_md="6"]

[section_title icon="icon-cog-1" text="DEVELOPMENT SKILLS"]

[progress_bar first_bar="yes" last_bar="" text="HTML5" percent="100"]

[progress_bar first_bar="" last_bar="" text="CSS3" percent="50"]

[progress_bar first_bar="" last_bar="" text="jQuery" percent="70"]

[progress_bar first_bar="" last_bar="yes" text="Wordpress" percent="100"]

[section_title icon="icon-brush" text="DESIGN SKILLS"]

[progress_bar first_bar="yes" last_bar="" text="FIREWORKS" percent="90"]

[progress_bar first_bar="" last_bar="" text="PHOTOSHOP" percent="60"]

[progress_bar first_bar="" last_bar="yes" text="ILLUSTRATOR" percent="40"]

[section_title icon="icon-comment" text="TESTIMONIALS"]

[testimonial first="yes" last="" name="PHILLIP AUSTIN" job="CEO / GRAVITY INC." image="http://themes.pixelwars.org/cvcard-wp/wp-content/uploads/2014/04/testo-01.jpg"]He is a great and hardworking guy. I am so proud of i have him as my asistant. He helped me so much. Also he is a great and hardworking guy. I am so proud of i have him as my asistant. He helped me so much.[/testimonial]

[testimonial first="" last="" name="GARY MORGAN" job="CHEMIST / FREELANCER" image="http://themes.pixelwars.org/cvcard-wp/wp-content/uploads/2014/04/testo-02.jpg"]He was a great co-worker and a friend. I would't be where i am without his support.[/testimonial]

[testimonial first="" last="yes" name="JASON WILSON" job="LAB GEEK / MIAMI METRO" image="http://themes.pixelwars.org/cvcard-wp/wp-content/uploads/2014/04/testo-03.jpg"]He is ok.[/testimonial]

[section_title icon="icon-doc-alt" text="DOWNLOAD MY CV"]

You can download my CV in pdf format if you like. I currently work for Pixelwars creative studio. I create usable web interfaces, front end coding stuff and almost anything. But i love what i do.

[button text="DOWNLOAD CV" new_tab="" size="" icon="" color="primary" colored="" url="#"]

&nbsp;

[section_title icon="icon-linkedin" text="VIEW MY LINKEDIN PROFILE"]

You can view my LinkedIn profile. I currently work for Pixelwars creative studio. I create usable web interfaces, front end coding stuff and almost anything. But i love what i do.

[button text="MY LINKEDIN PROFILE" new_tab="" size="" icon="" color="primary" colored="" url="#"]

[/column]

[/row]]]></content:encoded>
		<excerpt:encoded><![CDATA[]]></excerpt:encoded>
		<wp:post_id>44</wp:post_id>
		<wp:post_date>2014-04-10 12:22:28</wp:post_date>
		<wp:post_date_gmt>2014-04-10 12:22:28</wp:post_date_gmt>
		<wp:comment_status>closed</wp:comment_status>
		<wp:ping_status>closed</wp:ping_status>
		<wp:post_name>resume</wp:post_name>
		<wp:status>publish</wp:status>
		<wp:post_parent>0</wp:post_parent>
		<wp:menu_order>0</wp:menu_order>
		<wp:post_type>page</wp:post_type>
		<wp:post_password></wp:post_password>
		<wp:is_sticky>0</wp:is_sticky>
		<wp:postmeta>
			<wp:meta_key>_edit_last</wp:meta_key>
			<wp:meta_value><![CDATA[1]]></wp:meta_value>
		</wp:postmeta>
		<wp:postmeta>
			<wp:meta_key>_wp_page_template</wp:meta_key>
			<wp:meta_value><![CDATA[template-full_width_page.php]]></wp:meta_value>
		</wp:postmeta>
	</item>
	<item>
				<title>FORM ELEMENTS</title>
		<link>http://themes.pixelwars.org/cvcard-wp/form-elements/</link>
		<pubDate>Fri, 11 Apr 2014 12:36:38 +0000</pubDate>
		<dc:creator><![CDATA[pixelwars]]></dc:creator>
		<guid isPermaLink="false">http://themes.pixelwars.org/cvcard-wp/?page_id=169</guid>
		<description></description>
		<content:encoded><![CDATA[<p>Here are all forms elements cross browser styled.</p>
<form action="#" method="post" class="validate-form">
<p>
<label for="your-name">Your Name *</label><input type="text" name="your-name" id="your-name" class="required">
</p>
<p>
<label for="your-email">Your Email *</label><input type="text" name="your-email" id="your-email" class="required email">
</p>
<p>
<label for="subject">Subject</label><input type="text" name="subject" id="subject">
</p>
<p><label for="budget">Budget</label><select name="budget" id="budget"><option value="1000$">1000$</option><option value="2000$">2000$</option><option value="3000$">3000$</option><option value="5000$+">5000$+</option></select></p>
<p>
<label for="attach-file">Attach a file</label><input type="file" name="attach-file" id="attach-file">
</p>
<p><label for="budgetm">Budget Multi</label><select name="budgetm" id="budgetm" multiple="multiple"><option value="1000$">1000$</option><option value="2000$">2000$</option><option value="3000$">3000$</option><option value="5000$+">5000$+</option></select></p>
<p>
<label for="your-message">Your Message</label><textarea name="your-message" id="your-message"></textarea>
</p>
<p>
<label>Tech</label><label class="inline-label"><input type="checkbox" name="gender[]" value="male">HTML5</label><label class="inline-label"><input type="checkbox" name="gender[]" value="female">jQuery</label><label class="inline-label"><input type="checkbox" name="gender[]" value="female">Wordpress</label>
</p>
<p>
<label>Gender</label><label class="inline-label"><input type="radio" name="radio" value="radio-1" class="required">male</label><label class="inline-label"><input type="radio" name="radio" value="radio-2" class="required">female</label>
</p>
<p>
<input type="submit" value="Send it">
</p>
</form>]]></content:encoded>
		<excerpt:encoded><![CDATA[]]></excerpt:encoded>
		<wp:post_id>169</wp:post_id>
		<wp:post_date>2014-04-11 12:36:38</wp:post_date>
		<wp:post_date_gmt>2014-04-11 12:36:38</wp:post_date_gmt>
		<wp:comment_status>closed</wp:comment_status>
		<wp:ping_status>closed</wp:ping_status>
		<wp:post_name>form-elements</wp:post_name>
		<wp:status>publish</wp:status>
		<wp:post_parent>0</wp:post_parent>
		<wp:menu_order>0</wp:menu_order>
		<wp:post_type>page</wp:post_type>
		<wp:post_password></wp:post_password>
		<wp:is_sticky>0</wp:is_sticky>
		<wp:postmeta>
			<wp:meta_key>_edit_last</wp:meta_key>
			<wp:meta_value><![CDATA[1]]></wp:meta_value>
		</wp:postmeta>
		<wp:postmeta>
			<wp:meta_key>_wp_page_template</wp:meta_key>
			<wp:meta_value><![CDATA[default]]></wp:meta_value>
		</wp:postmeta>
	</item>
	<item>
				<title>GRID</title>
		<link>http://themes.pixelwars.org/cvcard-wp/grid/</link>
		<pubDate>Fri, 11 Apr 2014 12:37:59 +0000</pubDate>
		<dc:creator><![CDATA[pixelwars]]></dc:creator>
		<guid isPermaLink="false">http://themes.pixelwars.org/cvcard-wp/?page_id=171</guid>
		<description></description>
		<content:encoded><![CDATA[<div class="row show-grid">
<div class="col-md-1">1</div>
<div class="col-md-1">1</div>
<div class="col-md-1">1</div>
<div class="col-md-1">1</div>
<div class="col-md-1">1</div>
<div class="col-md-1">1</div>
<div class="col-md-1">1</div>
<div class="col-md-1">1</div>
<div class="col-md-1">1</div>
<div class="col-md-1">1</div>
<div class="col-md-1">1</div>
<div class="col-md-1">1</div>
</div>
<div class="row show-grid">
<div class="col-md-3">3</div>
<div class="col-md-3">3</div>
<div class="col-md-3">3</div>
<div class="col-md-3">3</div>
</div>
<div class="row show-grid">
<div class="col-md-4">4</div>
<div class="col-md-4">4</div>
<div class="col-md-4">4</div>

</div>
<div class="row show-grid">
<div class="col-md-8">8</div>
<div class="col-md-4">4</div>
</div>
<div class="row show-grid">
<div class="col-md-6">6</div>
<div class="col-md-6">6</div>
</div>]]></content:encoded>
		<excerpt:encoded><![CDATA[]]></excerpt:encoded>
		<wp:post_id>171</wp:post_id>
		<wp:post_date>2014-04-11 12:37:59</wp:post_date>
		<wp:post_date_gmt>2014-04-11 12:37:59</wp:post_date_gmt>
		<wp:comment_status>closed</wp:comment_status>
		<wp:ping_status>closed</wp:ping_status>
		<wp:post_name>grid</wp:post_name>
		<wp:status>publish</wp:status>
		<wp:post_parent>0</wp:post_parent>
		<wp:menu_order>0</wp:menu_order>
		<wp:post_type>page</wp:post_type>
		<wp:post_password></wp:post_password>
		<wp:is_sticky>0</wp:is_sticky>
		<wp:postmeta>
			<wp:meta_key>_edit_last</wp:meta_key>
			<wp:meta_value><![CDATA[1]]></wp:meta_value>
		</wp:postmeta>
		<wp:postmeta>
			<wp:meta_key>_wp_page_template</wp:meta_key>
			<wp:meta_value><![CDATA[template-full_width_page.php]]></wp:meta_value>
		</wp:postmeta>
	</item>
	<item>
				<title>SHORTCODES</title>
		<link>http://themes.pixelwars.org/cvcard-wp/shortcodes/</link>
		<pubDate>Fri, 11 Apr 2014 12:39:43 +0000</pubDate>
		<dc:creator><![CDATA[pixelwars]]></dc:creator>
		<guid isPermaLink="false">http://themes.pixelwars.org/cvcard-wp/?page_id=173</guid>
		<description></description>
		<content:encoded><![CDATA[[row]

[column width_md="6"]
<h3>TABS</h3>
[tabs_wrap titles="DESIGN,CODE"]

[tab_pane]There are many variations of passages of Lorem Ipsum available, but the majority have suffered alteration in some form, by injected humour, or randomised words which don't look even slightly believable. If you are going to use a passage of Lorem Ipsum, you need to be sure there isn't anything embarrassing hidden in the middle of text. There are many variations of passages of Lorem Ipsum available, but the majority have suffered alteration in some form, by injected humour, or randomised words which don't look even slightly believable. If you are going to use a passage of Lorem Ipsum, you need to be sure there isn't anything embarrassing hidden in the middle of text.[/tab_pane][tab_pane]It uses a dictionary of over 200 Latin words, combined with a handful of model sentence structures, to generate Lorem Ipsum which looks reasonable. There are many variations of passages of Lorem Ipsum available, but the majority have suffered alteration in some form, by injected humour, or randomised words which don't look even slightly believable. If you are going to use a passage of Lorem Ipsum, you need to be sure there isn't anything embarrassing hidden in the middle of text.[/tab_pane]

[/tabs_wrap]

[/column]

[column width_md="6"]
<h3>TOGGLES</h3>
[toggle first_toggle="yes" last_toggle="" active="" title="WEB DESIGN"]There are many variations of passages of Lorem Ipsum available, but the majority have suffered alteration in some form, by injected humour, or randomised words which don't look even slightly believable.[/toggle][toggle first_toggle="" last_toggle="yes" active="yes" title="UI/UX DEVELOPMENT"]This toggle content is shown on page load, but the majority have suffered alteration in some form, by injected humour.[/toggle]
<h3>ACCORDION</h3>
[accordion first_accordion="yes" last_accordion="" active="" title="WEB DESIGN"]There are many variations of passages of Lorem Ipsum available, but the majority have suffered alteration in some form, by injected humour, or randomised words which don't look even slightly believable.[/accordion][accordion first_accordion="" last_accordion="yes" active="" title="UI/UX DEVELOPMENT"]There are many variations of passages of Lorem Ipsum available, but the majority have suffered alteration in some form, by injected humour, or randomised words which don't look even slightly believable.[/accordion]

[/column]

[/row]
<h3>LIGHTBOX</h3>
[row]

[column width="6" width_md="3"]

[inline_lightbox_wrap type="image" thumbnail="http://themes.pixelwars.org/cvcard-wp/wp-content/uploads/2014/04/041.png"][inline_lightbox_image first_item="yes" gallery="01" title="Animal with love" url="http://themes.pixelwars.org/cvcard-wp/wp-content/uploads/2014/04/lightbox-011.jpg"][/inline_lightbox_wrap]

[/column]

[column width="6" width_md="3"]

[inline_lightbox_wrap type="image" thumbnail="http://themes.pixelwars.org/cvcard-wp/wp-content/uploads/2014/04/011.png"][inline_lightbox_image first_item="yes" gallery="02" title="Octopus is dangerous!" url="http://themes.pixelwars.org/cvcard-wp/wp-content/uploads/2014/04/lightbox-021.jpg"][inline_lightbox_image first_item="" gallery="02" title="" url="http://themes.pixelwars.org/cvcard-wp/wp-content/uploads/2014/04/lightbox-041.jpg"][inline_lightbox_image first_item="" gallery="02" title="Dog have dreams" url="http://themes.pixelwars.org/cvcard-wp/wp-content/uploads/2014/04/lightbox-031.jpg"][/inline_lightbox_wrap]

[/column]

[column width="6" width_md="3"]

[inline_lightbox_wrap type="video" thumbnail="http://themes.pixelwars.org/cvcard-wp/wp-content/uploads/2014/04/021.png"][inline_lightbox_iframe first_item="yes" gallery="03" title="Paper by FiftyThree" src="http://player.vimeo.com/video/37254322?badge=0&amp;color=ffffff"][/inline_lightbox_wrap]

[/column]

[column width="6" width_md="3"]

[inline_lightbox_wrap type="audio" thumbnail="http://themes.pixelwars.org/cvcard-wp/wp-content/uploads/2014/04/031.png"][inline_lightbox_iframe first_item="yes" gallery="04" title="Soundcloud embed" src="http://w.soundcloud.com/player/?url=http%3A%2F%2Fapi.soundcloud.com%2Ftracks%2F207988&amp;"][/inline_lightbox_wrap]

[/column]

[/row]
<h3>ALERTS</h3>
[row]

[column width="6"]

[alert title="NOTE:"]This is a standart alert message.[/alert][alert type="info" title="NOTE:"]This is an info alert message.[/alert]

[/column]

[column width="6"]

[alert type="success" title="NOTE:"]This is a success alert message.[/alert][alert type="error" title="NOTE:"]This is an error alert message.[/alert]

[/column]

[/row]
<h3>CALL TO ACTION</h3>
[call_to_action]
[row]
[column width="8"]
<h3>cvCard is a clean and beautiful wordpress theme!</h3>
What are you waiting for? Buy now and begin to blogging.
[/column]
[column width="4"]
[cta_button_wrap]
[button text="BUY NOW" size="big" icon="icon-cart" url="#"]
[/cta_button_wrap]
[/column]
[/row]
[/call_to_action]
<h3>Project Actions</h3>
[project_action]
[button text="DOWNLOAD" size="big" icon="fa-cloud-download" colored="yes" color="blue" url="#"][button text="PREVIEW" size="big" icon="fa-eye" colored="yes" color="green" url="#"][button text="GITHUB" size="big" icon="fa-github" colored="yes" color="red" url="#"]
[/project_action]
<h2>Buttons</h2>
<h3>Minimal Buttons</h3>
<div class="show-buttons">[button text="Button" url="#"][button text="Button" color="red" url="#"][button text="Button" color="green" url="#"][button text="Button" color="blue" url="#"][button text="Button" color="yellow" url="#"]
<h3>Colored Buttons</h3>
</div>
<div class="show-buttons">[button text="Button" color="red" colored="yes" url="#"][button text="Button" color="green" colored="yes" url="#"][button text="Button" color="blue" colored="yes" url="#"][button text="Button" color="yellow" colored="yes" url="#"]
<h3>Buttons Sizes and Button with icons</h3>
</div>
<div class="show-buttons">[button text="SMALL" size="small" url="#"][button text="MEDIUM" url="#"][button text="BIG" size="big" url="#"][button text="LIKE" size="big" color="blue" colored="yes" icon="fa-thumbs-up" url="#"][button text="AWARDS" size="big" color="yellow" icon="fa-trophy" url="#"]</div>]]></content:encoded>
		<excerpt:encoded><![CDATA[]]></excerpt:encoded>
		<wp:post_id>173</wp:post_id>
		<wp:post_date>2014-04-11 12:39:43</wp:post_date>
		<wp:post_date_gmt>2014-04-11 12:39:43</wp:post_date_gmt>
		<wp:comment_status>closed</wp:comment_status>
		<wp:ping_status>closed</wp:ping_status>
		<wp:post_name>shortcodes</wp:post_name>
		<wp:status>publish</wp:status>
		<wp:post_parent>0</wp:post_parent>
		<wp:menu_order>0</wp:menu_order>
		<wp:post_type>page</wp:post_type>
		<wp:post_password></wp:post_password>
		<wp:is_sticky>0</wp:is_sticky>
		<wp:postmeta>
			<wp:meta_key>_edit_last</wp:meta_key>
			<wp:meta_value><![CDATA[1]]></wp:meta_value>
		</wp:postmeta>
		<wp:postmeta>
			<wp:meta_key>_wp_page_template</wp:meta_key>
			<wp:meta_value><![CDATA[template-full_width_page.php]]></wp:meta_value>
		</wp:postmeta>
	</item>
	<item>
				<title>TYPOGRAPHY</title>
		<link>http://themes.pixelwars.org/cvcard-wp/typography/</link>
		<pubDate>Fri, 11 Apr 2014 12:40:56 +0000</pubDate>
		<dc:creator><![CDATA[pixelwars]]></dc:creator>
		<guid isPermaLink="false">http://themes.pixelwars.org/cvcard-wp/?page_id=175</guid>
		<description></description>
		<content:encoded><![CDATA[The purpose of this HTML is to help determine what default settings are with CSS and to make sure that all possible HTML Elements are included in this HTML so as to not miss any possible Elements when designing a site.

Read is focused on readability. Ipsum dolor sit amet, <a title="test link" href="file:///C:/Users/Samsung/Desktop/Depo%20-%20cvcard/cvCard%20HTML%20-%202/typography.html#">test link</a> adipiscing elit. Nullam dignissim convallis est. Quisque aliquam. Donec faucibus. Nunc iaculis suscipit dui. Nam sit amet sem. Aliquam libero nisi, imperdiet at, tincidunt nec, gravida vehicula, nisl. Praesent mattis, massa quis luctus fermentum, turpis mi volutpat justo, eu volutpat enim diam eget metus. Maecenas ornare tortor. Donec sed tellus eget sapien fringilla nonummy. Mauris a ante. Suspendisse quam sem, consequat at, commodo vitae, feugiat in, nunc. Morbi imperdiet augue quis tellus.

Lorem ipsum dolor sit amet, <em>emphasis</em> consectetuer adipiscing elit. Nullam dignissim convallis est. Quisque aliquam. Donec faucibus. Nunc iaculis suscipit dui. Nam sit amet sem. Aliquam libero nisi, imperdiet at, tincidunt nec, gravida vehicula, nisl. Praesent mattis, massa quis luctus fermentum, turpis mi volutpat justo, eu volutpat enim diam eget metus. Maecenas ornare tortor. Donec sed tellus eget sapien fringilla nonummy. Mauris a ante. Suspendisse quam sem, consequat at, commodo vitae, feugiat in, nunc. Morbi imperdiet augue quis tellus.
<h2>Responsive Design, Goods and Bads</h2>
[drop_cap]When we think about Read is focused on readability. adipiscing elit. Nullam dignissim convallis est. Quisque aliquam. Donec faucibus. Nunc iaculis suscipit dui. Nam sit amet sem. Aliquam libero nisi, imperdiet at, tincidunt nec, gravida vehicula, nisl. Praesent mattis, massa quis luctus fermentum, turpis mi volutpat justo, eu volutpat enim diam eget metus. Maecenas ornare tortor. Donec sed tellus eget sapien fringilla nonummy. Mauris a ante. Suspendisse quam sem, consequat at, commodo vitae, feugiat in, nunc. Morbi imperdiet augue quis tellus.[/drop_cap]

[tagline]
<h3>This is a responsive template for showing what you think to everyone in the world, in any device. It's that simple!</h3>
[/tagline]

Lorem ipsum dolor sit amet, <em>emphasis</em> consectetuer adipiscing elit. Nullam dignissim convallis est. Quisque aliquam. Donec faucibus. Nunc iaculis suscipit dui. Nam sit amet sem. Aliquam libero nisi, imperdiet at, tincidunt nec, gravida vehicula, nisl. Praesent mattis, massa quis luctus fermentum, turpis mi volutpat justo, eu volutpat enim diam eget metus. Maecenas ornare tortor. Donec sed tellus eget sapien fringilla nonummy. Mauris a ante. Suspendisse quam sem, consequat at, commodo vitae, feugiat in, nunc. Morbi imperdiet augue quis tellus.

[quote name="Ethan Marcotte"]Responsive web design offers us a way forward, finally allowing us to “design for the ebb and flow of things.”[/quote]
<h3>Web Design</h3>
Lorem ipsum dolor sit amet, <a title="test link" href="file:///C:/Users/Samsung/Desktop/Depo%20-%20cvcard/cvCard%20HTML%20-%202/typography.html#">test link</a> adipiscing elit. Nullam dignissim convallis est. Quisque aliquam. Donec faucibus. Nunc iaculis suscipit dui. Nam sit amet sem. Aliquam libero nisi, imperdiet at, tincidunt nec, gravida vehicula, nisl. Praesent mattis, massa quis luctus fermentum, turpis mi volutpat justo, eu volutpat enim diam eget metus. Maecenas ornare tortor. Donec sed tellus eget sapien fringilla nonummy. Mauris a ante. Suspendisse quam sem, consequat at, commodo vitae, feugiat in, nunc. Morbi imperdiet augue quis tellus.

Lorem ipsum dolor sit amet, <em>emphasis</em> consectetuer adipiscing elit. Nullam dignissim convallis est. Quisque aliquam. Donec faucibus. Nunc iaculis suscipit dui. Nam sit amet sem. Aliquam libero nisi, imperdiet at, tincidunt nec, gravida vehicula, nisl. Praesent mattis, massa quis luctus fermentum, turpis mi volutpat justo, eu volutpat enim diam eget metus. Maecenas ornare tortor. Donec sed tellus eget sapien fringilla nonummy. Mauris a ante. Suspendisse quam sem, consequat at, commodo vitae, feugiat in, nunc. Morbi imperdiet augue quis tellus.
<h4>UI DESIGN</h4>
Lorem ipsum dolor sit amet, <a title="test link" href="file:///C:/Users/Samsung/Desktop/Depo%20-%20cvcard/cvCard%20HTML%20-%202/typography.html#">test link</a> adipiscing elit. Nullam dignissim convallis est. Quisque aliquam. Donec faucibus. Nunc iaculis suscipit dui. Nam sit amet sem. Aliquam libero nisi, imperdiet at, tincidunt nec, gravida vehicula, nisl. Praesent mattis, massa quis luctus fermentum, turpis mi volutpat justo, eu volutpat enim diam eget metus. Maecenas ornare tortor. Donec sed tellus eget sapien fringilla nonummy. Mauris a ante. Suspendisse quam sem, consequat at, commodo vitae, feugiat in, nunc. Morbi imperdiet augue quis tellus.

Lorem ipsum dolor sit amet, <em>emphasis</em> consectetuer adipiscing elit. Nullam dignissim convallis est. Quisque aliquam. Donec faucibus. Nunc iaculis suscipit dui. Nam sit amet sem. Aliquam libero nisi, imperdiet at, tincidunt nec, gravida vehicula, nisl. Praesent mattis, massa quis luctus fermentum, turpis mi volutpat justo, eu volutpat enim diam eget metus. Maecenas ornare tortor. Donec sed tellus eget sapien fringilla nonummy. Mauris a ante. Suspendisse quam sem, consequat at, commodo vitae, feugiat in, nunc. Morbi imperdiet augue quis tellus.
<h5>Adaptive Design</h5>
Lorem ipsum dolor sit amet, <a title="test link" href="file:///C:/Users/Samsung/Desktop/Depo%20-%20cvcard/cvCard%20HTML%20-%202/typography.html#">test link</a> adipiscing elit. Nullam dignissim convallis est. Quisque aliquam. Donec faucibus. Nunc iaculis suscipit dui. Nam sit amet sem. Aliquam libero nisi, imperdiet at, tincidunt nec, gravida vehicula, nisl. Praesent mattis, massa quis luctus fermentum, turpis mi volutpat justo, eu volutpat enim diam eget metus. Maecenas ornare tortor. Donec sed tellus eget sapien fringilla nonummy. Mauris a ante. Suspendisse quam sem, consequat at, commodo vitae, feugiat in, nunc. Morbi imperdiet augue quis tellus.

<img class="alignright size-full wp-image-207" alt="blog-01" src="http://themes.pixelwars.org/cvcard-wp/wp-content/uploads/2014/04/blog-01.png" width="400" height="300" />This is some text that will wrap around the image that sits on the right side of the text that you are writing about the leaf that is there. That is, if you are writing about leaves in the first place and you want to write about this specific leaf. Lorem ipsum dolor sit amet,<em>emphasis</em> consectetuer adipiscing elit. Nullam dignissim convallis est. Quisque aliquam. Donec faucibus. Nunc iaculis suscipit dui. Nam sit amet sem. Aliquam libero nisi, imperdiet at, tincidunt nec, gravida vehicula, nisl. Praesent mattis, massa quis luctus fermentum, turpis mi volutpat justo, eu volutpat enim diam eget metus. Maecenas ornare tortor. Donec sed tellus eget sapien fringilla nonummy. Mauris a ante. Suspendisse quam sem, consequat at, commodo vitae, feugiat in, nunc. Morbi imperdiet augue quis tellus. Donec faucibus. Nunc iaculis suscipit dui. Nam sit amet sem. Aliquam libero nisi, imperdiet at, tincidunt nec, gravida vehicula, nisl. Praesent mattis, massa quis luctus fermentum, turpis mi volutpat justo, eu volutpat enim diam eget metus. Maecenas ornare tortor. Donec sed tellus eget sapien fringilla nonummy. Mauris a ante. Suspendisse quam sem, consequat at, commodo vitae, feugiat in, nunc. Morbi imperdiet augue quis tellus.

[caption id="attachment_207" align="alignleft" width="400"]<img class="size-full wp-image-207" alt="- Optimization -" src="http://themes.pixelwars.org/cvcard-wp/wp-content/uploads/2014/04/blog-01.png" width="400" height="300" /> - Optimization -[/caption]

This is some text that will wrap around the image that sits on the right side of the text that you are writing about the leaf that is there. That is, if you are writing about leaves in the first place and you want to write about this specific leaf. Lorem ipsum dolor sit amet, <em>emphasis</em> consectetuer adipiscing elit. Nullam dignissim convallis est. Quisque aliquam. Donec faucibus. Nunc iaculis suscipit dui. Nam sit amet sem. Aliquam libero nisi, imperdiet at, tincidunt nec, gravida vehicula, nisl. Praesent mattis, massa quis luctus fermentum, turpis mi volutpat justo, eu volutpat enim diam eget metus. Maecenas ornare tortor. Donec sed tellus eget sapien fringilla nonummy. Mauris a ante. Suspendisse quam sem, consequat at, commodo vitae, feugiat in, nunc. Morbi imperdiet augue quis tellus. Donec faucibus. Nunc iaculis suscipit dui. Nam sit amet sem. Aliquam libero nisi, imperdiet at, tincidunt nec, gravida vehicula, nisl. Praesent mattis, massa quis luctus fermentum, turpis mi volutpat justo, eu volutpat enim diam eget metus. Maecenas ornare tortor. Donec sed tellus eget sapien fringilla nonummy. Mauris a ante. Suspendisse quam sem, consequat at, commodo vitae, feugiat in, nunc. Morbi imperdiet augue quis tellus.

<img class="aligncenter size-full wp-image-207" alt="blog-01" src="http://themes.pixelwars.org/cvcard-wp/wp-content/uploads/2014/04/blog-01.png" width="400" height="300" />

This is some text that will wrap around the image that sits on the right side of the text that you are writing about the leaf that is there. That is, if you are writing about leaves in the first place and you want to write about this specific leaf. Lorem ipsum dolor sit amet, <em>emphasis</em> consectetuer adipiscing elit. Nullam dignissim convallis est. Quisque aliquam. Donec faucibus. Nunc iaculis suscipit dui. Nam sit amet sem. Aliquam libero nisi, imperdiet at, tincidunt nec, gravida vehicula, nisl. Praesent mattis, massa quis luctus fermentum, turpis mi volutpat justo, eu volutpat enim diam eget metus. Maecenas ornare tortor. Donec sed tellus eget sapien fringilla nonummy. Mauris a ante. Suspendisse quam sem, consequat at, commodo vitae, feugiat in, nunc. Morbi imperdiet augue quis tellus. Donec faucibus. Nunc iaculis suscipit dui. Nam sit amet sem. Aliquam libero nisi, imperdiet at, tincidunt nec, gravida vehicula, nisl. Praesent mattis, massa quis luctus fermentum, turpis mi volutpat justo, eu volutpat enim diam eget metus. Maecenas ornare tortor. Donec sed tellus eget sapien fringilla nonummy. Mauris a ante. Suspendisse quam sem, consequat at, commodo vitae, feugiat in, nunc. Morbi imperdiet augue quis tellus.

Adaptive Design

Lorem ipsum dolor sit amet, <a title="test link" href="file:///C:/Users/Samsung/Desktop/Depo%20-%20cvcard/cvCard%20HTML%20-%202/typography.html#">test link</a> adipiscing elit. Nullam dignissim convallis est. Quisque aliquam. Donec faucibus. Nunc iaculis suscipit dui. Nam sit amet sem. Aliquam libero nisi, imperdiet at, tincidunt nec, gravida vehicula, nisl. Praesent mattis, massa quis luctus fermentum, turpis mi volutpat justo, eu volutpat enim diam eget metus. Maecenas ornare tortor. Donec sed tellus eget sapien fringilla nonummy. Mauris a ante. Suspendisse quam sem, consequat at, commodo vitae, feugiat in, nunc. Morbi imperdiet augue quis tellus.

Lorem ipsum dolor sit amet, <em>emphasis</em> consectetuer adipiscing elit. Nullam dignissim convallis est. Quisque aliquam. Donec faucibus. Nunc iaculis suscipit dui. Nam sit amet sem. Aliquam libero nisi, imperdiet at, tincidunt nec, gravida vehicula, nisl. Praesent mattis, massa quis luctus fermentum, turpis mi volutpat justo, eu volutpat enim diam eget metus. Maecenas ornare tortor. Donec sed tellus eget sapien fringilla nonummy. Mauris a ante. Suspendisse quam sem, consequat at, commodo vitae, feugiat in, nunc. Morbi imperdiet augue quis tellus.

[divider]
<h2>Misc Stuff – abbr, pre, code, sub, sup, etc.</h2>
Lorem superscript dolor subscript amet, consectetuer adipiscing elit. Nullam dignissim convallis est. Quisque aliquam. <cite>cite</cite>. Nunc iaculis suscipit dui. Nam sit amet sem. Aliquam libero nisi, imperdiet at, tincidunt nec, gravida vehicula, nisl. Praesent mattis, massa quis luctus fermentum, turpis mi volutpat justo, eu volutpat enim diam eget metus. Maecenas ornare tortor. Donec sed tellus eget sapien fringilla nonummy. <abbr title="National Basketball Association">NBA</abbr> Mauris a ante. Suspendisse quam sem, consequat at, commodo vitae, feugiat in, nunc. Morbi imperdiet augue quis tellus.
<h2>Pre, Code Blocks</h2>
This is an inline code block [code_line]index.html[/code_line] is the main file.
<h3>Default</h3>
[code_block]
&lt;meta charset="utf-8" /&gt;
&lt;meta name="viewport" content="width=device-width, initial-scale=1, maximum-scale=1"&gt;
&lt;meta name="description" content="impressiVcard - impressiVCard Responsive HTML5 VCard Template"&gt;
&lt;meta name="keywords" content="impressivcard, vcard, html5, ,portfolio"&gt;
&lt;meta name="author" content="Pixelwars"&gt;

&lt;title&gt;ImpressivCard&lt;/title&gt;
[/code_block]
<h3>Google Syntax Prettify</h3>
[code_block_prettify]
&lt;meta charset="utf-8" /&gt;
&lt;meta name="viewport" content="width=device-width, initial-scale=1, maximum-scale=1"&gt;
&lt;meta name="description" content="impressiVcard - impressiVCard Responsive HTML5 VCard Template"&gt;
&lt;meta name="keywords" content="impressivcard, vcard, html5, ,portfolio"&gt;
&lt;meta name="author" content="Pixelwars"&gt;

&lt;title&gt;ImpressivCard&lt;/title&gt;
[/code_block_prettify]
<h3>Google Syntax Prettify with Line Numbers</h3>
[code_block_line_numbers]
/* TYPOGRAPHY */
h1 { font-size: 2.20em; margin: 0.8em 0 0.4em 0; }
h2 { font-size: 1.60em; margin: 1.4em 0 0.8em 0; }
h3 { font-size: 1.20em; margin: 1.0em 0; }
h4 { font-size: 0.90em; margin: 1.0em 0; }
h5 { font-size: 0.90em; margin: 1.0em 0 .8em 0; }
h6 { font-size: 0.85em; margin: 1.0em 0 .8em 0; }
[/code_block_line_numbers]
<h2>Tables</h2>
<table>
<tbody>
<tr>
<th>Table Header 1</th>
<th>Table Header 2</th>
<th>Table Header 3</th>
</tr>
<tr>
<td>Division 1</td>
<td>Division 2</td>
<td>Division 3</td>
</tr>
<tr>
<td>Division 1</td>
<td>Division 2</td>
<td>Division 3</td>
</tr>
<tr>
<td>Division 1</td>
<td>Division 2</td>
<td>Division 3</td>
</tr>
</tbody>
</table>
<h2>List Types</h2>
<h3>Definition List</h3>
<dl><dt>DEFINITON LIST TITLE</dt><dd>This is a definition list division.</dd><dt>DEFINITON LIST TITLE</dt><dd>This is a definition list division.</dd><dt>DEFINITON LIST TITLE</dt><dd>This is a definition list division.</dd></dl>
<h3>UL + OL + Custom Lists with icons</h3>
[row]

[column width="4"]
<ol>
	<li>Web Design</li>
	<li>Javascript</li>
	<li>WordPress</li>
</ol>
[/column]

[column width="4"]
<ul>
	<li>Web Design</li>
	<li>JavaScript</li>
	<li>WordPress</li>
</ul>
[/column]

[column width="4"]

[icon_list]

[list_item icon="fa-heart" text="Web Design"][list_item icon="fa-file" text="JavaScript"][list_item icon="fa-thumbs-up" text="WordPress"]

[/icon_list]

[/column]

[/row]]]></content:encoded>
		<excerpt:encoded><![CDATA[]]></excerpt:encoded>
		<wp:post_id>175</wp:post_id>
		<wp:post_date>2014-04-11 12:40:56</wp:post_date>
		<wp:post_date_gmt>2014-04-11 12:40:56</wp:post_date_gmt>
		<wp:comment_status>closed</wp:comment_status>
		<wp:ping_status>closed</wp:ping_status>
		<wp:post_name>typography</wp:post_name>
		<wp:status>publish</wp:status>
		<wp:post_parent>0</wp:post_parent>
		<wp:menu_order>0</wp:menu_order>
		<wp:post_type>page</wp:post_type>
		<wp:post_password></wp:post_password>
		<wp:is_sticky>0</wp:is_sticky>
		<wp:postmeta>
			<wp:meta_key>_edit_last</wp:meta_key>
			<wp:meta_value><![CDATA[1]]></wp:meta_value>
		</wp:postmeta>
		<wp:postmeta>
			<wp:meta_key>_wp_page_template</wp:meta_key>
			<wp:meta_value><![CDATA[default]]></wp:meta_value>
		</wp:postmeta>
	</item>
</channel>
</rss>
