<?xml version="1.0" encoding="UTF-8" ?>
<!-- This is a WordPress eXtended RSS file generated by WordPress as an export of your site. -->
<!-- It contains information about your site's posts, pages, comments, categories, and other content. -->
<!-- You may use this file to transfer that content from one site to another. -->
<!-- This file is not intended to serve as a complete backup of your site. -->

<!-- To import this information into a WordPress site follow these steps: -->
<!-- 1. Log in to that site as an administrator. -->
<!-- 2. Go to Tools: Import in the WordPress admin panel. -->
<!-- 3. Install the "WordPress" importer from the list. -->
<!-- 4. Activate & Run Importer. -->
<!-- 5. Upload this file using the form provided on that page. -->
<!-- 6. You will first be asked to map the authors in this export file to users -->
<!--    on the site. For each author, you may choose to map to an -->
<!--    existing user on the site or to create a new user. -->
<!-- 7. WordPress will then import each of the posts, pages, comments, categories, etc. -->
<!--    contained in this file into your site. -->

<!-- generator="WordPress/3.8.3" created="2014-04-15 20:25" -->
<rss version="2.0"
	xmlns:excerpt="http://wordpress.org/export/1.2/excerpt/"
	xmlns:content="http://purl.org/rss/1.0/modules/content/"
	xmlns:wfw="http://wellformedweb.org/CommentAPI/"
	xmlns:dc="http://purl.org/dc/elements/1.1/"
	xmlns:wp="http://wordpress.org/export/1.2/"
>

<channel>
	<title>cvCard WP</title>
	<link>http://themes.pixelwars.org/cvcard-wp</link>
	<description>Responsive vCard Theme</description>
	<pubDate>Tue, 15 Apr 2014 20:25:28 +0000</pubDate>
	<language>en-US</language>
	<wp:wxr_version>1.2</wp:wxr_version>
	<wp:base_site_url>http://themes.pixelwars.org/cvcard-wp</wp:base_site_url>
	<wp:base_blog_url>http://themes.pixelwars.org/cvcard-wp</wp:base_blog_url>

	<wp:author><wp:author_id>2</wp:author_id><wp:author_login>JOHNNYDOE</wp:author_login><wp:author_email>cvcard-wp-johnny-doe@pixelwars.org</wp:author_email><wp:author_display_name><![CDATA[JOHNNY DOE]]></wp:author_display_name><wp:author_first_name><![CDATA[JOHNNY]]></wp:author_first_name><wp:author_last_name><![CDATA[DOE]]></wp:author_last_name></wp:author>
	<wp:author><wp:author_id>1</wp:author_id><wp:author_login>pixelwars</wp:author_login><wp:author_email>mehmetsali@gmail.com</wp:author_email><wp:author_display_name><![CDATA[Developer]]></wp:author_display_name><wp:author_first_name><![CDATA[Developer]]></wp:author_first_name><wp:author_last_name><![CDATA[]]></wp:author_last_name></wp:author>


	<generator>http://wordpress.org/?v=3.8.3</generator>

	<item>
				<title>Minimalistic Design</title>
		<link>http://themes.pixelwars.org/cvcard-wp/minimalistic-design/</link>
		<pubDate>Fri, 12 Apr 2013 09:18:24 +0000</pubDate>
		<dc:creator><![CDATA[JOHNNYDOE]]></dc:creator>
		<guid isPermaLink="false">http://themes.pixelwars.org/cvcard-wp/?p=6</guid>
		<description></description>
		<content:encoded><![CDATA[Quisque a erat non purus cursus volutpat nec vitae dui. Aenean sodales felis blandit odio mollis, et molestie ipsum hendrerit. Quisque blandit, arcu quis tincidunt iaculis, mauris ligula adipiscing purus, ac eleifend sem odio nec nulla. Donec porttitor odio consectetur tempus suscipit. Donec dictum eget augue a auctor. Aenean erat ipsum, tristique non odio ac, feugiat gravida enim. Ut in lorem sed nibh interdum egestas in et arcu. Vivamus et luctus massa, id rhoncus orci. Sed nisi quam, aliquam nec dictum ac, facilisis sit amet enim.

Vivamus molestie sem at est mattis ultrices. In et dolor ut mauris tempor tincidunt. Duis odio purus, fringilla nec tempus non, gravida in erat. Aliquam quis sagittis augue. Mauris luctus ultricies bibendum. Mauris adipiscing at turpis vitae vulputate. Integer quis vestibulum nisl. Aliquam et dolor lectus. Nulla facilisi. Nulla tincidunt turpis in elit tempus lobortis. Cras vitae massa nisi. Aliquam sed ante tortor. Sed sodales gravida tempor. Nulla fermentum mi nec augue hendrerit, in bibendum nisi vestibulum.

Quisque id tincidunt tortor. Maecenas condimentum euismod viverra. Nullam ut magna quis eros malesuada ornare ac ut est. Curabitur viverra arcu nec facilisis congue. Praesent eu mauris nec ligula rhoncus molestie. Aenean vitae bibendum ligula. Morbi tristique elit non ornare ultrices. Etiam adipiscing turpis ligula, quis tristique sem ultrices et.]]></content:encoded>
		<excerpt:encoded><![CDATA[]]></excerpt:encoded>
		<wp:post_id>6</wp:post_id>
		<wp:post_date>2013-04-12 09:18:24</wp:post_date>
		<wp:post_date_gmt>2013-04-12 09:18:24</wp:post_date_gmt>
		<wp:comment_status>open</wp:comment_status>
		<wp:ping_status>open</wp:ping_status>
		<wp:post_name>minimalistic-design</wp:post_name>
		<wp:status>publish</wp:status>
		<wp:post_parent>0</wp:post_parent>
		<wp:menu_order>0</wp:menu_order>
		<wp:post_type>post</wp:post_type>
		<wp:post_password></wp:post_password>
		<wp:is_sticky>0</wp:is_sticky>
		<category domain="category" nicename="design"><![CDATA[Design]]></category>
		<category domain="post_tag" nicename="flat"><![CDATA[flat]]></category>
		<category domain="post_tag" nicename="minimal"><![CDATA[minimal]]></category>
		<category domain="post_tag" nicename="premium"><![CDATA[premium]]></category>
		<wp:postmeta>
			<wp:meta_key>_edit_last</wp:meta_key>
			<wp:meta_value><![CDATA[1]]></wp:meta_value>
		</wp:postmeta>
	</item>
	<item>
				<title>Focused on Readability</title>
		<link>http://themes.pixelwars.org/cvcard-wp/focused-on-readability/</link>
		<pubDate>Sat, 18 May 2013 09:23:19 +0000</pubDate>
		<dc:creator><![CDATA[JOHNNYDOE]]></dc:creator>
		<guid isPermaLink="false">http://themes.pixelwars.org/cvcard-wp/?p=9</guid>
		<description></description>
		<content:encoded><![CDATA[Aenean mattis dolor sem, eu fringilla magna aliquam nec. Praesent porttitor commodo velit, nec feugiat orci venenatis consectetur. Aliquam id ultrices metus, ut tristique lacus. Cras feugiat risus nunc, vulputate ultrices urna dignissim vitae. Vivamus ac mi turpis. Mauris fringilla urna neque, in congue ligula sagittis nec. Class aptent taciti sociosqu ad litora torquent per conubia nostra, per inceptos himenaeos. Quisque mi neque, commodo sed nisi elementum, tincidunt feugiat arcu.

Cras accumsan euismod ipsum, quis auctor libero vestibulum nec. Ut non lectus lectus. Aliquam nunc augue, sollicitudin et luctus at, imperdiet eget lorem. Quisque quis lobortis quam. Vestibulum tellus massa, accumsan ac imperdiet non, congue nec nibh. Proin sit amet ornare urna. Morbi ornare ipsum libero, non gravida eros eleifend non.

Duis sit amet sodales urna. Duis nec molestie lectus. Interdum et malesuada fames ac ante ipsum primis in faucibus. Nulla sed neque velit. Proin at iaculis tortor, et aliquet metus. Duis quam tellus, rhoncus at orci eget, gravida venenatis quam. Aliquam a scelerisque magna. Suspendisse id augue id quam gravida porta nec id neque. Proin non dolor at dolor molestie pellentesque id vel eros. Vestibulum id odio eget libero cursus iaculis nec quis urna. Curabitur a dui ac justo mollis feugiat. Morbi gravida blandit orci sed sodales. Maecenas id massa nunc. Sed eu neque tellus.]]></content:encoded>
		<excerpt:encoded><![CDATA[]]></excerpt:encoded>
		<wp:post_id>9</wp:post_id>
		<wp:post_date>2013-05-18 09:23:19</wp:post_date>
		<wp:post_date_gmt>2013-05-18 09:23:19</wp:post_date_gmt>
		<wp:comment_status>open</wp:comment_status>
		<wp:ping_status>open</wp:ping_status>
		<wp:post_name>focused-on-readability</wp:post_name>
		<wp:status>publish</wp:status>
		<wp:post_parent>0</wp:post_parent>
		<wp:menu_order>0</wp:menu_order>
		<wp:post_type>post</wp:post_type>
		<wp:post_password></wp:post_password>
		<wp:is_sticky>0</wp:is_sticky>
		<category domain="post_tag" nicename="content"><![CDATA[content]]></category>
		<category domain="post_tag" nicename="fonts"><![CDATA[fonts]]></category>
		<category domain="post_tag" nicename="read"><![CDATA[read]]></category>
		<category domain="category" nicename="typography"><![CDATA[Typography]]></category>
		<wp:postmeta>
			<wp:meta_key>_edit_last</wp:meta_key>
			<wp:meta_value><![CDATA[1]]></wp:meta_value>
		</wp:postmeta>
	</item>
	<item>
				<title>Retina Ready</title>
		<link>http://themes.pixelwars.org/cvcard-wp/retina-ready/</link>
		<pubDate>Wed, 26 Jun 2013 09:37:42 +0000</pubDate>
		<dc:creator><![CDATA[JOHNNYDOE]]></dc:creator>
		<guid isPermaLink="false">http://themes.pixelwars.org/cvcard-wp/?p=12</guid>
		<description></description>
		<content:encoded><![CDATA[Morbi felis nibh, pretium a luctus vitae, vestibulum id nisl. Etiam fermentum mauris tortor, ac lobortis eros consectetur sit amet. Etiam nunc dolor, vehicula porta mattis quis, dignissim sed massa. Curabitur a mauris leo. Donec venenatis orci sit amet metus ultricies semper. Aliquam erat volutpat. Nunc eget nunc sed nisl scelerisque facilisis. Ut vel convallis erat. Donec tincidunt libero sollicitudin fringilla tempor. Nulla tristique eleifend massa et vulputate. Praesent malesuada nisi sapien, eu dictum sem mattis eu. Integer hendrerit malesuada porta. Quisque tempor, velit vitae accumsan hendrerit, sapien lorem posuere nisi, id consequat orci magna a massa.

Mauris at scelerisque orci, vitae eleifend magna. Suspendisse molestie sodales interdum. Fusce consequat arcu eu gravida laoreet. Pellentesque quis orci pellentesque, laoreet sapien ut, ultricies massa. Suspendisse ut placerat tellus, quis placerat leo. Ut posuere diam id ipsum venenatis condimentum. Proin ac eros quis ligula sollicitudin tincidunt non non nunc. Phasellus eu ipsum sed dolor imperdiet placerat. Vestibulum eget felis sem. Quisque vel quam varius, elementum lectus et, pharetra tellus. Fusce in tincidunt dui. Vivamus ac dui eu sem scelerisque ultrices ac quis quam. In hac habitasse platea dictumst. Proin sed nisi eget turpis dictum placerat.

Aenean iaculis euismod ante quis fermentum. Mauris a nibh ut velit commodo scelerisque. Cras et nibh diam. Mauris dictum, justo et feugiat dictum, turpis nibh aliquam ante, id aliquam enim massa id dui. Donec a ipsum dui. Nulla ipsum eros, interdum vitae lectus eget, bibendum scelerisque magna. Nunc varius arcu et felis euismod fermentum. In condimentum, ipsum vitae tempus posuere, nisl nunc vulputate est, et ornare diam ipsum nec nisi. In hac habitasse platea dictumst. Nullam pellentesque lobortis lacus, ac mollis magna venenatis nec. Praesent commodo ligula in velit fringilla porta. Sed et erat at orci viverra sodales.

Nam hendrerit ipsum ac elit ultricies ornare. Integer et est non purus pharetra vestibulum nec pulvinar diam. Nullam eu aliquam turpis, a tempus turpis. Integer eget est ut urna lacinia fringilla. Pellentesque habitant morbi tristique senectus et netus et malesuada fames ac turpis egestas. Aliquam rhoncus ipsum porta ante interdum, placerat dignissim purus ultricies. Pellentesque id malesuada ante, nec laoreet nisl. Aliquam nisl turpis, rhoncus non aliquet in, lobortis facilisis dui. Vivamus lacinia nisi vitae orci bibendum commodo. Quisque eget tellus turpis.]]></content:encoded>
		<excerpt:encoded><![CDATA[]]></excerpt:encoded>
		<wp:post_id>12</wp:post_id>
		<wp:post_date>2013-06-26 09:37:42</wp:post_date>
		<wp:post_date_gmt>2013-06-26 09:37:42</wp:post_date_gmt>
		<wp:comment_status>open</wp:comment_status>
		<wp:ping_status>open</wp:ping_status>
		<wp:post_name>retina-ready</wp:post_name>
		<wp:status>publish</wp:status>
		<wp:post_parent>0</wp:post_parent>
		<wp:menu_order>0</wp:menu_order>
		<wp:post_type>post</wp:post_type>
		<wp:post_password></wp:post_password>
		<wp:is_sticky>0</wp:is_sticky>
		<category domain="category" nicename="design"><![CDATA[Design]]></category>
		<category domain="post_tag" nicename="screen"><![CDATA[screen]]></category>
		<category domain="post_tag" nicename="tablets"><![CDATA[tablets]]></category>
		<category domain="post_tag" nicename="touch"><![CDATA[touch]]></category>
		<wp:postmeta>
			<wp:meta_key>_edit_last</wp:meta_key>
			<wp:meta_value><![CDATA[1]]></wp:meta_value>
		</wp:postmeta>
		<wp:postmeta>
			<wp:meta_key>_thumbnail_id</wp:meta_key>
			<wp:meta_value><![CDATA[262]]></wp:meta_value>
		</wp:postmeta>
	</item>
	<item>
				<title>Mobile Optimized</title>
		<link>http://themes.pixelwars.org/cvcard-wp/mobile-optimized/</link>
		<pubDate>Wed, 17 Jul 2013 09:42:59 +0000</pubDate>
		<dc:creator><![CDATA[JOHNNYDOE]]></dc:creator>
		<guid isPermaLink="false">http://themes.pixelwars.org/cvcard-wp/?p=14</guid>
		<description></description>
		<content:encoded><![CDATA[Sed dictum suscipit nisi, nec aliquam justo rhoncus tempor. Aenean at magna velit. Morbi facilisis vulputate metus ut convallis. Integer ullamcorper felis urna, in lacinia tortor eleifend sit amet. Suspendisse odio nisi, scelerisque vel luctus rhoncus, ullamcorper bibendum risus. In congue ultricies est, in placerat nulla euismod et. Cras cursus massa consectetur, mattis velit ut, luctus lacus.

Ut lacinia non lacus sed aliquam. In pharetra, enim id aliquet ornare, ante orci viverra lacus, sed aliquet lorem urna sed neque. Maecenas mattis, diam et tristique interdum, mauris tellus tincidunt nisi, vitae viverra nibh tortor vitae diam. Nunc mollis turpis quis tortor hendrerit scelerisque. Phasellus a ullamcorper purus. Quisque urna tellus, tempor ac rutrum eget, adipiscing vitae ante. Suspendisse potenti.

Donec condimentum ligula vitae neque accumsan tincidunt. Cras volutpat nunc id dui placerat, a consectetur tellus volutpat. Proin auctor cursus nulla vitae semper. Sed venenatis ante et massa varius, at auctor massa ultrices. Curabitur mattis urna ac tempus egestas. Suspendisse tempus turpis sed elit blandit varius. Aliquam vel rutrum lacus, vel vehicula risus. Nulla convallis varius semper.]]></content:encoded>
		<excerpt:encoded><![CDATA[]]></excerpt:encoded>
		<wp:post_id>14</wp:post_id>
		<wp:post_date>2013-07-17 09:42:59</wp:post_date>
		<wp:post_date_gmt>2013-07-17 09:42:59</wp:post_date_gmt>
		<wp:comment_status>open</wp:comment_status>
		<wp:ping_status>open</wp:ping_status>
		<wp:post_name>mobile-optimized</wp:post_name>
		<wp:status>publish</wp:status>
		<wp:post_parent>0</wp:post_parent>
		<wp:menu_order>0</wp:menu_order>
		<wp:post_type>post</wp:post_type>
		<wp:post_password></wp:post_password>
		<wp:is_sticky>0</wp:is_sticky>
		<category domain="category" nicename="mobile"><![CDATA[Mobile]]></category>
		<category domain="post_tag" nicename="responsive"><![CDATA[responsive]]></category>
		<category domain="post_tag" nicename="smartphone"><![CDATA[smartphone]]></category>
		<category domain="post_tag" nicename="tablet"><![CDATA[tablet]]></category>
		<wp:postmeta>
			<wp:meta_key>_edit_last</wp:meta_key>
			<wp:meta_value><![CDATA[1]]></wp:meta_value>
		</wp:postmeta>
		<wp:postmeta>
			<wp:meta_key>_thumbnail_id</wp:meta_key>
			<wp:meta_value><![CDATA[261]]></wp:meta_value>
		</wp:postmeta>
	</item>
	<item>
				<title>Cross Browser Compatible</title>
		<link>http://themes.pixelwars.org/cvcard-wp/cross-browser-compatible/</link>
		<pubDate>Fri, 09 Aug 2013 09:44:51 +0000</pubDate>
		<dc:creator><![CDATA[JOHNNYDOE]]></dc:creator>
		<guid isPermaLink="false">http://themes.pixelwars.org/cvcard-wp/?p=16</guid>
		<description></description>
		<content:encoded><![CDATA[In aliquet risus non tortor dictum tempus. Maecenas egestas facilisis nisi, non volutpat sem placerat id. Pellentesque habitant morbi tristique senectus et netus et malesuada fames ac turpis egestas. Nam sollicitudin leo non tempor iaculis. Etiam lacinia adipiscing arcu, nec imperdiet sem pretium sit amet. Vestibulum sit amet magna ipsum. Integer sed lorem in urna porttitor bibendum id a erat. Morbi sed sem metus. Sed vestibulum lacus felis, in iaculis diam bibendum quis.

Donec quis urna risus. Cras vel posuere nulla, eget molestie ante. Maecenas nec porta mi. Suspendisse massa mauris, faucibus in rhoncus a, pharetra eu mauris. Aliquam erat volutpat. Nam semper id ipsum ac ultrices. Proin auctor pulvinar quam, vel egestas tellus venenatis ac. Quisque ac lectus non velit mollis viverra eu eu felis. Donec dictum odio ac est aliquet venenatis. Nulla et nunc fringilla, placerat lacus dapibus, fermentum nisi. Pellentesque facilisis leo dapibus gravida ultricies. Sed lacus justo, sollicitudin non nunc vitae, interdum venenatis lacus. Sed porttitor, velit nec tempor rhoncus, nunc ante accumsan ante, ac semper ante purus sed est. Cras id mollis libero. Sed vitae nunc condimentum purus sodales fermentum sit amet ac lacus. Nam ac ante at eros convallis fringilla vitae non magna.]]></content:encoded>
		<excerpt:encoded><![CDATA[]]></excerpt:encoded>
		<wp:post_id>16</wp:post_id>
		<wp:post_date>2013-08-09 09:44:51</wp:post_date>
		<wp:post_date_gmt>2013-08-09 09:44:51</wp:post_date_gmt>
		<wp:comment_status>open</wp:comment_status>
		<wp:ping_status>open</wp:ping_status>
		<wp:post_name>cross-browser-compatible</wp:post_name>
		<wp:status>publish</wp:status>
		<wp:post_parent>0</wp:post_parent>
		<wp:menu_order>0</wp:menu_order>
		<wp:post_type>post</wp:post_type>
		<wp:post_password></wp:post_password>
		<wp:is_sticky>0</wp:is_sticky>
		<category domain="post_tag" nicename="chrome"><![CDATA[chrome]]></category>
		<category domain="category" nicename="design"><![CDATA[Design]]></category>
		<category domain="post_tag" nicename="firefox"><![CDATA[firefox]]></category>
		<category domain="post_tag" nicename="ie"><![CDATA[ie]]></category>
		<category domain="post_tag" nicename="opera"><![CDATA[opera]]></category>
		<category domain="post_tag" nicename="safari"><![CDATA[safari]]></category>
		<wp:postmeta>
			<wp:meta_key>_edit_last</wp:meta_key>
			<wp:meta_value><![CDATA[1]]></wp:meta_value>
		</wp:postmeta>
		<wp:postmeta>
			<wp:meta_key>_thumbnail_id</wp:meta_key>
			<wp:meta_value><![CDATA[260]]></wp:meta_value>
		</wp:postmeta>
	</item>
	<item>
				<title>HTML5 and SEO</title>
		<link>http://themes.pixelwars.org/cvcard-wp/html5-and-seo/</link>
		<pubDate>Wed, 04 Sep 2013 09:46:32 +0000</pubDate>
		<dc:creator><![CDATA[JOHNNYDOE]]></dc:creator>
		<guid isPermaLink="false">http://themes.pixelwars.org/cvcard-wp/?p=18</guid>
		<description></description>
		<content:encoded><![CDATA[Etiam et massa feugiat, gravida lectus consectetur, adipiscing metus. Morbi volutpat fringilla tellus vel rhoncus. Aenean eu felis hendrerit, dapibus odio at, convallis sapien. Nulla facilisi. In fringilla neque ipsum, non consectetur ipsum ultrices vitae. Vivamus suscipit nisi non lacinia iaculis. Pellentesque a blandit ipsum, at auctor neque. Aenean luctus dolor sed tellus convallis, non feugiat libero imperdiet. Integer faucibus mauris sit amet molestie feugiat. Nulla facilisi. Ut facilisis condimentum vestibulum. Integer velit mi, rhoncus nec dignissim vel, blandit in ligula. Quisque massa nibh, euismod sed egestas et, faucibus vitae metus. Phasellus luctus sit amet erat sit amet convallis.

In sed porttitor eros. Donec facilisis at odio at ultricies. Nulla rutrum elementum sapien et malesuada. Nullam ultricies ligula ac lectus blandit vehicula. Pellentesque lacinia eget nunc fermentum convallis. Vivamus fermentum mauris in odio imperdiet, vel bibendum erat eleifend. Quisque in eros leo. Cras pulvinar sem iaculis, vehicula enim id, iaculis purus. Aliquam posuere sodales tellus, vel ultrices dolor condimentum eu. Nulla malesuada, lectus eu aliquet luctus, magna magna bibendum velit, in volutpat elit dolor aliquet nunc. Praesent eget suscipit turpis. Cras faucibus ut metus vel semper. Interdum et malesuada fames ac ante ipsum primis in faucibus. Nullam hendrerit, nisl id aliquam rutrum, nisi lectus venenatis ligula, in fringilla nunc justo sit amet elit.

Cras ut fringilla purus, eget laoreet est. Sed ut nulla lectus. Sed ac lobortis felis. Quisque sed neque fermentum, auctor eros nec, commodo leo. Curabitur tincidunt, tellus vitae adipiscing fermentum, quam tellus fringilla diam, a accumsan turpis quam at dolor. Morbi ut ligula sed dui mattis malesuada. Sed facilisis dapibus elit, eu facilisis orci cursus eu. In posuere blandit nunc quis dignissim. Suspendisse fermentum dignissim justo in egestas. Duis at dui mollis tellus tincidunt venenatis id a lectus. Mauris in ultricies dui. Aliquam quis sagittis erat. Mauris vel lectus eu turpis tempus suscipit in feugiat leo. Nulla augue lacus, condimentum in sodales vel, luctus non lectus.]]></content:encoded>
		<excerpt:encoded><![CDATA[]]></excerpt:encoded>
		<wp:post_id>18</wp:post_id>
		<wp:post_date>2013-09-04 09:46:32</wp:post_date>
		<wp:post_date_gmt>2013-09-04 09:46:32</wp:post_date_gmt>
		<wp:comment_status>open</wp:comment_status>
		<wp:ping_status>open</wp:ping_status>
		<wp:post_name>html5-and-seo</wp:post_name>
		<wp:status>publish</wp:status>
		<wp:post_parent>0</wp:post_parent>
		<wp:menu_order>0</wp:menu_order>
		<wp:post_type>post</wp:post_type>
		<wp:post_password></wp:post_password>
		<wp:is_sticky>0</wp:is_sticky>
		<category domain="post_tag" nicename="first"><![CDATA[first]]></category>
		<category domain="post_tag" nicename="google"><![CDATA[google]]></category>
		<category domain="post_tag" nicename="html5"><![CDATA[html5]]></category>
		<category domain="category" nicename="seo"><![CDATA[SEO]]></category>
		<category domain="post_tag" nicename="seo-2"><![CDATA[seo]]></category>
		<category domain="post_tag" nicename="top"><![CDATA[top]]></category>
		<wp:postmeta>
			<wp:meta_key>_edit_last</wp:meta_key>
			<wp:meta_value><![CDATA[1]]></wp:meta_value>
		</wp:postmeta>
		<wp:postmeta>
			<wp:meta_key>_thumbnail_id</wp:meta_key>
			<wp:meta_value><![CDATA[259]]></wp:meta_value>
		</wp:postmeta>
	</item>
	<item>
				<title>Performance Optimization for Websites</title>
		<link>http://themes.pixelwars.org/cvcard-wp/performance-optimization-for-websites/</link>
		<pubDate>Fri, 25 Oct 2013 09:48:55 +0000</pubDate>
		<dc:creator><![CDATA[JOHNNYDOE]]></dc:creator>
		<guid isPermaLink="false">http://themes.pixelwars.org/cvcard-wp/?p=20</guid>
		<description></description>
		<content:encoded><![CDATA[Morbi in sollicitudin nisi, in volutpat purus. Aliquam tincidunt tellus ut est scelerisque porttitor. Cras sed lorem sit amet eros vehicula pellentesque. Maecenas vitae urna dui. Cras diam justo, feugiat vel urna in, convallis ornare urna. Sed erat erat, placerat non nisi a, varius rhoncus diam. Fusce urna mauris, vulputate vitae ultricies ac, luctus ac massa. Nam rhoncus tristique est et elementum. Nulla iaculis orci nec mollis porta. Nam placerat pellentesque metus, eu tristique libero cursus at. In pretium lectus pretium tortor iaculis, quis congue justo ultricies.

Nullam venenatis, est vitae dignissim eleifend, eros augue convallis libero, eleifend placerat magna ante non lorem. Maecenas euismod eros sit amet malesuada luctus. Mauris dui diam, fringilla et mauris ut, rutrum pharetra diam. Integer ac dictum odio. Vivamus vel mauris quis nisi luctus pulvinar. Praesent viverra purus ac orci sollicitudin tincidunt. Nullam nec accumsan purus. Aliquam vehicula orci posuere ante blandit eleifend. Donec at ante lectus. In sodales vel enim at mollis. Donec quis nulla iaculis, lobortis purus at, ornare orci. Ut malesuada nisl quis justo aliquam, id sagittis nisi posuere. Nam feugiat sapien ac luctus ultrices. Integer posuere sed velit sit amet mattis. Suspendisse ac eros et diam commodo elementum id vel dolor. Aenean faucibus cursus risus in ullamcorper.

Pellentesque ut suscipit leo. Aenean faucibus sapien sed eros tristique, et eleifend neque mattis. Sed interdum rutrum augue ut varius. Fusce pellentesque leo tortor, at aliquam magna ultricies nec. Vestibulum fringilla pretium magna ac tincidunt. Curabitur ornare dictum sem facilisis viverra. Nunc sed dui luctus, suscipit dolor sit amet, tincidunt lacus. Pellentesque urna sem, lobortis ut mauris quis, consectetur ornare diam. Mauris rhoncus vestibulum magna et consectetur. Curabitur quis suscipit orci, nec luctus dui. Maecenas eu ullamcorper mauris. Pellentesque habitant morbi tristique senectus et netus et malesuada fames ac turpis egestas. Integer sollicitudin vehicula purus, a placerat sem placerat ac. Donec varius congue leo, eget faucibus lectus adipiscing quis.

Donec blandit rutrum lobortis. Phasellus bibendum lorem ligula, vel scelerisque est pharetra nec. Aenean in rutrum nisl, nec facilisis neque. Interdum et malesuada fames ac ante ipsum primis in faucibus. Integer lobortis eu ligula in consectetur. Donec pretium, tellus non elementum posuere, nisi massa molestie eros, non adipiscing nisl urna at eros. Morbi sem metus, egestas nec bibendum nec, auctor in orci. Pellentesque egestas convallis iaculis.]]></content:encoded>
		<excerpt:encoded><![CDATA[]]></excerpt:encoded>
		<wp:post_id>20</wp:post_id>
		<wp:post_date>2013-10-25 09:48:55</wp:post_date>
		<wp:post_date_gmt>2013-10-25 09:48:55</wp:post_date_gmt>
		<wp:comment_status>open</wp:comment_status>
		<wp:ping_status>open</wp:ping_status>
		<wp:post_name>performance-optimization-for-websites</wp:post_name>
		<wp:status>publish</wp:status>
		<wp:post_parent>0</wp:post_parent>
		<wp:menu_order>0</wp:menu_order>
		<wp:post_type>post</wp:post_type>
		<wp:post_password></wp:post_password>
		<wp:is_sticky>0</wp:is_sticky>
		<category domain="post_tag" nicename="content"><![CDATA[content]]></category>
		<category domain="post_tag" nicename="fast"><![CDATA[fast]]></category>
		<category domain="post_tag" nicename="high"><![CDATA[high]]></category>
		<category domain="post_tag" nicename="ready"><![CDATA[ready]]></category>
		<category domain="category" nicename="seo"><![CDATA[SEO]]></category>
		<wp:postmeta>
			<wp:meta_key>_edit_last</wp:meta_key>
			<wp:meta_value><![CDATA[1]]></wp:meta_value>
		</wp:postmeta>
		<wp:postmeta>
			<wp:meta_key>_thumbnail_id</wp:meta_key>
			<wp:meta_value><![CDATA[258]]></wp:meta_value>
		</wp:postmeta>
	</item>
	<item>
				<title>Web Design is 95% Typography</title>
		<link>http://themes.pixelwars.org/cvcard-wp/web-design-is-95-typography/</link>
		<pubDate>Fri, 01 Nov 2013 09:49:56 +0000</pubDate>
		<dc:creator><![CDATA[JOHNNYDOE]]></dc:creator>
		<guid isPermaLink="false">http://themes.pixelwars.org/cvcard-wp/?p=22</guid>
		<description></description>
		<content:encoded><![CDATA[Sed fermentum tellus id felis dignissim lacinia ut vel lorem. Aliquam id nibh aliquam, luctus felis eget, posuere leo. Aliquam erat volutpat. Nunc porta nibh id augue gravida, vel rutrum dolor lacinia. Fusce lobortis interdum purus, et commodo lorem lobortis ac. Fusce non scelerisque risus, sit amet sodales leo. Nam facilisis nunc et faucibus malesuada. Morbi eu purus augue.

Curabitur lobortis consequat euismod. Mauris feugiat neque enim. Duis mi tellus, tempus vel dolor at, blandit auctor dolor. Quisque eleifend sed tellus sit amet fermentum. Nam erat nulla, feugiat sit amet dictum quis, consequat et lectus. Donec nec tristique lacus. Sed consequat, neque sed ultricies ultrices, dolor magna mattis magna, ut tristique quam ipsum a est. Mauris sed elit massa. Morbi semper aliquam dui et pretium. Suspendisse gravida lectus metus, varius tempor erat congue a. Pellentesque ipsum tortor, eleifend et lacinia nec, faucibus eget tellus.]]></content:encoded>
		<excerpt:encoded><![CDATA[]]></excerpt:encoded>
		<wp:post_id>22</wp:post_id>
		<wp:post_date>2013-11-01 09:49:56</wp:post_date>
		<wp:post_date_gmt>2013-11-01 09:49:56</wp:post_date_gmt>
		<wp:comment_status>open</wp:comment_status>
		<wp:ping_status>open</wp:ping_status>
		<wp:post_name>web-design-is-95-typography</wp:post_name>
		<wp:status>publish</wp:status>
		<wp:post_parent>0</wp:post_parent>
		<wp:menu_order>0</wp:menu_order>
		<wp:post_type>post</wp:post_type>
		<wp:post_password></wp:post_password>
		<wp:is_sticky>0</wp:is_sticky>
		<category domain="post_tag" nicename="color"><![CDATA[color]]></category>
		<category domain="post_tag" nicename="font"><![CDATA[font]]></category>
		<category domain="category" nicename="typography"><![CDATA[Typography]]></category>
		<category domain="post_tag" nicename="web"><![CDATA[web]]></category>
		<wp:postmeta>
			<wp:meta_key>_edit_last</wp:meta_key>
			<wp:meta_value><![CDATA[1]]></wp:meta_value>
		</wp:postmeta>
		<wp:postmeta>
			<wp:meta_key>_thumbnail_id</wp:meta_key>
			<wp:meta_value><![CDATA[257]]></wp:meta_value>
		</wp:postmeta>
	</item>
	<item>
				<title>Adaptive Vs. Responsive Layouts And Optimal Text Readability</title>
		<link>http://themes.pixelwars.org/cvcard-wp/adaptive-vs-responsive-layouts-and-optimal-text-readability/</link>
		<pubDate>Mon, 02 Dec 2013 09:52:05 +0000</pubDate>
		<dc:creator><![CDATA[JOHNNYDOE]]></dc:creator>
		<guid isPermaLink="false">http://themes.pixelwars.org/cvcard-wp/?p=24</guid>
		<description></description>
		<content:encoded><![CDATA[Quisque ac eros tempor, fringilla mauris eget, vulputate turpis. Ut molestie tellus congue diam pharetra, at cursus purus congue. Donec eu tincidunt nulla, vel condimentum risus. Morbi porta augue sit amet mi viverra gravida. Ut in felis nibh. Phasellus sagittis felis sem, non lobortis eros convallis id. Proin molestie ullamcorper nisi, vitae ornare augue vulputate ut. Duis sed sapien non metus hendrerit fermentum. Mauris ultrices lorem dolor, vel congue turpis semper accumsan. Pellentesque placerat metus eu metus ultrices hendrerit. Pellentesque dapibus arcu a egestas consectetur. Praesent felis libero, tincidunt ac tortor non, scelerisque cursus odio. Phasellus quis tortor luctus, elementum orci in, vehicula felis. Nullam tempus scelerisque odio eget vulputate.

Duis scelerisque semper euismod. Donec in nisi at turpis fermentum accumsan. Vestibulum adipiscing nisi eget rutrum ullamcorper. Phasellus eget laoreet dolor. Pellentesque sed porttitor nisi, sed euismod dui. Vivamus elementum dui at tempor molestie. Phasellus nec elementum risus, scelerisque cursus est. Nunc ut quam id nisi tempus facilisis. Praesent imperdiet felis ut turpis commodo, at semper sem volutpat.

Nunc in dui convallis, mollis ante at, ornare elit. Cras lobortis tortor sit amet egestas viverra. Proin tristique libero et vestibulum aliquam. Aliquam vitae convallis urna. Curabitur ornare leo sapien, eu cursus elit aliquam eu. In tristique nisl porta rutrum mattis. Proin sem libero, interdum a metus vel, mattis euismod ipsum. Pellentesque libero velit, sollicitudin in nunc sed, mattis tempor turpis. Pellentesque non leo ornare, fringilla mauris ac, laoreet sem. Phasellus id malesuada libero.]]></content:encoded>
		<excerpt:encoded><![CDATA[]]></excerpt:encoded>
		<wp:post_id>24</wp:post_id>
		<wp:post_date>2013-12-02 09:52:05</wp:post_date>
		<wp:post_date_gmt>2013-12-02 09:52:05</wp:post_date_gmt>
		<wp:comment_status>open</wp:comment_status>
		<wp:ping_status>open</wp:ping_status>
		<wp:post_name>adaptive-vs-responsive-layouts-and-optimal-text-readability</wp:post_name>
		<wp:status>publish</wp:status>
		<wp:post_parent>0</wp:post_parent>
		<wp:menu_order>0</wp:menu_order>
		<wp:post_type>post</wp:post_type>
		<wp:post_password></wp:post_password>
		<wp:is_sticky>0</wp:is_sticky>
		<category domain="post_tag" nicename="all"><![CDATA[all]]></category>
		<category domain="post_tag" nicename="device"><![CDATA[device]]></category>
		<category domain="category" nicename="mobile"><![CDATA[Mobile]]></category>
		<category domain="post_tag" nicename="resolution"><![CDATA[resolution]]></category>
		<category domain="post_tag" nicename="screen"><![CDATA[screen]]></category>
		<wp:postmeta>
			<wp:meta_key>_edit_last</wp:meta_key>
			<wp:meta_value><![CDATA[1]]></wp:meta_value>
		</wp:postmeta>
		<wp:postmeta>
			<wp:meta_key>_thumbnail_id</wp:meta_key>
			<wp:meta_value><![CDATA[256]]></wp:meta_value>
		</wp:postmeta>
	</item>
	<item>
				<title>SELF HOSTED HTML5 VIDEO</title>
		<link>http://themes.pixelwars.org/cvcard-wp/self-hosted-html5-video/</link>
		<pubDate>Thu, 30 Jan 2014 12:53:03 +0000</pubDate>
		<dc:creator><![CDATA[JOHNNYDOE]]></dc:creator>
		<guid isPermaLink="false">http://themes.pixelwars.org/cvcard-wp/?p=58</guid>
		<description></description>
		<content:encoded><![CDATA[[media_wrap][video src="http://themes.pixelwars.org/cvcard-wp/wp-content/uploads/2014/04/big-buck-bunny-trailer.mp4" poster="http://themes.pixelwars.org/cvcard-wp/wp-content/uploads/2014/04/big-buck-bunny-trailer.jpg"][/media_wrap]

I just found a super cool video clip, you should definetly check it out. I loved the soundtrack.]]></content:encoded>
		<excerpt:encoded><![CDATA[]]></excerpt:encoded>
		<wp:post_id>58</wp:post_id>
		<wp:post_date>2014-01-30 12:53:03</wp:post_date>
		<wp:post_date_gmt>2014-01-30 12:53:03</wp:post_date_gmt>
		<wp:comment_status>open</wp:comment_status>
		<wp:ping_status>open</wp:ping_status>
		<wp:post_name>self-hosted-html5-video</wp:post_name>
		<wp:status>publish</wp:status>
		<wp:post_parent>0</wp:post_parent>
		<wp:menu_order>0</wp:menu_order>
		<wp:post_type>post</wp:post_type>
		<wp:post_password></wp:post_password>
		<wp:is_sticky>0</wp:is_sticky>
		<category domain="post_tag" nicename="bunny"><![CDATA[bunny]]></category>
		<category domain="post_tag" nicename="media"><![CDATA[media]]></category>
		<category domain="post_format" nicename="post-format-video"><![CDATA[Video]]></category>
		<category domain="category" nicename="video"><![CDATA[Video]]></category>
		<category domain="post_tag" nicename="video-2"><![CDATA[video]]></category>
		<wp:postmeta>
			<wp:meta_key>_edit_last</wp:meta_key>
			<wp:meta_value><![CDATA[1]]></wp:meta_value>
		</wp:postmeta>
		<wp:postmeta>
			<wp:meta_key>enclosure</wp:meta_key>
			<wp:meta_value><![CDATA[http://themes.pixelwars.org/cvcard-wp/wp-content/uploads/2014/04/big-buck-bunny-trailer.mp4
6519467
video/mp4
]]></wp:meta_value>
		</wp:postmeta>
	</item>
	<item>
				<title>SELF HOSTED HTML5 AUDIO</title>
		<link>http://themes.pixelwars.org/cvcard-wp/self-hosted-html5-audio/</link>
		<pubDate>Thu, 27 Feb 2014 13:04:07 +0000</pubDate>
		<dc:creator><![CDATA[JOHNNYDOE]]></dc:creator>
		<guid isPermaLink="false">http://themes.pixelwars.org/cvcard-wp/?p=62</guid>
		<description></description>
		<content:encoded><![CDATA[[media_wrap][audio src="http://themes.pixelwars.org/cvcard-wp/wp-content/uploads/2014/04/AirReview-Landmarks-02-ChasingCorporate.mp3"][/media_wrap]]]></content:encoded>
		<excerpt:encoded><![CDATA[]]></excerpt:encoded>
		<wp:post_id>62</wp:post_id>
		<wp:post_date>2014-02-27 13:04:07</wp:post_date>
		<wp:post_date_gmt>2014-02-27 13:04:07</wp:post_date_gmt>
		<wp:comment_status>open</wp:comment_status>
		<wp:ping_status>open</wp:ping_status>
		<wp:post_name>self-hosted-html5-audio</wp:post_name>
		<wp:status>publish</wp:status>
		<wp:post_parent>0</wp:post_parent>
		<wp:menu_order>0</wp:menu_order>
		<wp:post_type>post</wp:post_type>
		<wp:post_password></wp:post_password>
		<wp:is_sticky>0</wp:is_sticky>
		<category domain="category" nicename="audio"><![CDATA[Audio]]></category>
		<category domain="post_tag" nicename="media"><![CDATA[media]]></category>
		<category domain="post_tag" nicename="mp3"><![CDATA[mp3]]></category>
		<category domain="post_format" nicename="post-format-audio"><![CDATA[Audio]]></category>
		<category domain="post_tag" nicename="sound"><![CDATA[sound]]></category>
		<wp:postmeta>
			<wp:meta_key>_edit_last</wp:meta_key>
			<wp:meta_value><![CDATA[1]]></wp:meta_value>
		</wp:postmeta>
		<wp:postmeta>
			<wp:meta_key>enclosure</wp:meta_key>
			<wp:meta_value><![CDATA[http://themes.pixelwars.org/cvcard-wp/wp-content/uploads/2014/04/AirReview-Landmarks-02-ChasingCorporate.mp3
5858665
audio/mpeg
]]></wp:meta_value>
		</wp:postmeta>
	</item>
	<item>
				<title>AN IMAGE GALLERY</title>
		<link>http://themes.pixelwars.org/cvcard-wp/an-image-gallery/</link>
		<pubDate>Mon, 03 Mar 2014 16:13:44 +0000</pubDate>
		<dc:creator><![CDATA[JOHNNYDOE]]></dc:creator>
		<guid isPermaLink="false">http://themes.pixelwars.org/cvcard-wp/?p=65</guid>
		<description></description>
		<content:encoded><![CDATA[[slide first_slide="yes" last_slide="" title="This is a slide title." src="http://themes.pixelwars.org/cvcard-wp/wp-content/uploads/2014/04/daft-punk-presentation.png"][slide first_slide="" last_slide="" title="" src="http://themes.pixelwars.org/cvcard-wp/wp-content/uploads/2014/04/lee-2.png"][slide first_slide="" last_slide="yes" title="" src="http://themes.pixelwars.org/cvcard-wp/wp-content/uploads/2014/04/lee.png"]]]></content:encoded>
		<excerpt:encoded><![CDATA[]]></excerpt:encoded>
		<wp:post_id>65</wp:post_id>
		<wp:post_date>2014-03-03 16:13:44</wp:post_date>
		<wp:post_date_gmt>2014-03-03 16:13:44</wp:post_date_gmt>
		<wp:comment_status>open</wp:comment_status>
		<wp:ping_status>open</wp:ping_status>
		<wp:post_name>an-image-gallery</wp:post_name>
		<wp:status>publish</wp:status>
		<wp:post_parent>0</wp:post_parent>
		<wp:menu_order>0</wp:menu_order>
		<wp:post_type>post</wp:post_type>
		<wp:post_password></wp:post_password>
		<wp:is_sticky>0</wp:is_sticky>
		<category domain="category" nicename="photo"><![CDATA[Photo]]></category>
		<category domain="post_format" nicename="post-format-gallery"><![CDATA[Gallery]]></category>
		<category domain="post_tag" nicename="slide"><![CDATA[slide]]></category>
		<category domain="post_tag" nicename="slider"><![CDATA[slider]]></category>
		<wp:postmeta>
			<wp:meta_key>_edit_last</wp:meta_key>
			<wp:meta_value><![CDATA[1]]></wp:meta_value>
		</wp:postmeta>
	</item>
	<item>
				<title>A beautiful illustration</title>
		<link>http://themes.pixelwars.org/cvcard-wp/a-beautiful-illustration/</link>
		<pubDate>Wed, 05 Mar 2014 16:20:34 +0000</pubDate>
		<dc:creator><![CDATA[JOHNNYDOE]]></dc:creator>
		<guid isPermaLink="false">http://themes.pixelwars.org/cvcard-wp/?p=70</guid>
		<description></description>
		<content:encoded><![CDATA[A beautiful illustration by <a href="http://dribbble.com/marie_bergeron" target="_blank">Marie Bergeron.</a>]]></content:encoded>
		<excerpt:encoded><![CDATA[]]></excerpt:encoded>
		<wp:post_id>70</wp:post_id>
		<wp:post_date>2014-03-05 16:20:34</wp:post_date>
		<wp:post_date_gmt>2014-03-05 16:20:34</wp:post_date_gmt>
		<wp:comment_status>open</wp:comment_status>
		<wp:ping_status>open</wp:ping_status>
		<wp:post_name>a-beautiful-illustration</wp:post_name>
		<wp:status>publish</wp:status>
		<wp:post_parent>0</wp:post_parent>
		<wp:menu_order>0</wp:menu_order>
		<wp:post_type>post</wp:post_type>
		<wp:post_password></wp:post_password>
		<wp:is_sticky>0</wp:is_sticky>
		<category domain="post_tag" nicename="editing"><![CDATA[editing]]></category>
		<category domain="post_tag" nicename="illustration"><![CDATA[illustration]]></category>
		<category domain="category" nicename="photo"><![CDATA[Photo]]></category>
		<category domain="post_format" nicename="post-format-image"><![CDATA[Image]]></category>
		<wp:postmeta>
			<wp:meta_key>_edit_last</wp:meta_key>
			<wp:meta_value><![CDATA[1]]></wp:meta_value>
		</wp:postmeta>
		<wp:postmeta>
			<wp:meta_key>_thumbnail_id</wp:meta_key>
			<wp:meta_value><![CDATA[71]]></wp:meta_value>
		</wp:postmeta>
	</item>
	<item>
				<title>Responsive web design</title>
		<link>http://themes.pixelwars.org/cvcard-wp/responsive-web-design/</link>
		<pubDate>Mon, 10 Mar 2014 17:19:32 +0000</pubDate>
		<dc:creator><![CDATA[JOHNNYDOE]]></dc:creator>
		<guid isPermaLink="false">http://themes.pixelwars.org/cvcard-wp/?p=74</guid>
		<description></description>
		<content:encoded><![CDATA[[aside]

Responsive web design offers us a way forward, finally allowing us to design for the ebb and flow of things.There are many variations of passages of Lorem Ipsum available, but the majority have suffered alteration in some form, by injected humour, or randomised words.

[/aside]]]></content:encoded>
		<excerpt:encoded><![CDATA[]]></excerpt:encoded>
		<wp:post_id>74</wp:post_id>
		<wp:post_date>2014-03-10 17:19:32</wp:post_date>
		<wp:post_date_gmt>2014-03-10 17:19:32</wp:post_date_gmt>
		<wp:comment_status>open</wp:comment_status>
		<wp:ping_status>open</wp:ping_status>
		<wp:post_name>responsive-web-design</wp:post_name>
		<wp:status>publish</wp:status>
		<wp:post_parent>0</wp:post_parent>
		<wp:menu_order>0</wp:menu_order>
		<wp:post_type>post</wp:post_type>
		<wp:post_password></wp:post_password>
		<wp:is_sticky>0</wp:is_sticky>
		<category domain="post_tag" nicename="aside"><![CDATA[aside]]></category>
		<category domain="category" nicename="design"><![CDATA[Design]]></category>
		<category domain="post_format" nicename="post-format-aside"><![CDATA[Aside]]></category>
		<category domain="post_tag" nicename="responsive"><![CDATA[responsive]]></category>
		<wp:postmeta>
			<wp:meta_key>_edit_last</wp:meta_key>
			<wp:meta_value><![CDATA[1]]></wp:meta_value>
		</wp:postmeta>
	</item>
	<item>
				<title>Steve Jobs</title>
		<link>http://themes.pixelwars.org/cvcard-wp/steve-jobs/</link>
		<pubDate>Wed, 12 Mar 2014 17:22:54 +0000</pubDate>
		<dc:creator><![CDATA[JOHNNYDOE]]></dc:creator>
		<guid isPermaLink="false">http://themes.pixelwars.org/cvcard-wp/?p=77</guid>
		<description></description>
		<content:encoded><![CDATA[[quote name="Steve Jobs"]Design is not just what it looks like and feels like. Design is how it works.[/quote]]]></content:encoded>
		<excerpt:encoded><![CDATA[]]></excerpt:encoded>
		<wp:post_id>77</wp:post_id>
		<wp:post_date>2014-03-12 17:22:54</wp:post_date>
		<wp:post_date_gmt>2014-03-12 17:22:54</wp:post_date_gmt>
		<wp:comment_status>open</wp:comment_status>
		<wp:ping_status>open</wp:ping_status>
		<wp:post_name>steve-jobs</wp:post_name>
		<wp:status>publish</wp:status>
		<wp:post_parent>0</wp:post_parent>
		<wp:menu_order>0</wp:menu_order>
		<wp:post_type>post</wp:post_type>
		<wp:post_password></wp:post_password>
		<wp:is_sticky>0</wp:is_sticky>
		<category domain="category" nicename="design"><![CDATA[Design]]></category>
		<category domain="post_tag" nicename="design-2"><![CDATA[design]]></category>
		<category domain="post_tag" nicename="feel"><![CDATA[feel]]></category>
		<category domain="post_format" nicename="post-format-quote"><![CDATA[Quote]]></category>
		<wp:postmeta>
			<wp:meta_key>_edit_last</wp:meta_key>
			<wp:meta_value><![CDATA[1]]></wp:meta_value>
		</wp:postmeta>
	</item>
	<item>
				<title>POST FORMAT AUDIO SOUNDCLOUD EMBED</title>
		<link>http://themes.pixelwars.org/cvcard-wp/post-format-audio-soundcloud-embed/</link>
		<pubDate>Fri, 14 Mar 2014 17:29:29 +0000</pubDate>
		<dc:creator><![CDATA[JOHNNYDOE]]></dc:creator>
		<guid isPermaLink="false">http://themes.pixelwars.org/cvcard-wp/?p=79</guid>
		<description></description>
		<content:encoded><![CDATA[[media_wrap]<iframe src="https://w.soundcloud.com/player/?url=https%3A//api.soundcloud.com/tracks/129829419&amp;color=009966&amp;auto_play=false&amp;show_artwork=true" height="166" width="320"></iframe>[/media_wrap]

Paper is where ideas begin. It’s the easiest and most beautiful way to create on the new iPad. Capture your ideas as sketches, diagrams, illustrations, notes or drawings and instantly share them across the web. Download “Paper by FiftyThree” from the App Store.]]></content:encoded>
		<excerpt:encoded><![CDATA[]]></excerpt:encoded>
		<wp:post_id>79</wp:post_id>
		<wp:post_date>2014-03-14 17:29:29</wp:post_date>
		<wp:post_date_gmt>2014-03-14 17:29:29</wp:post_date_gmt>
		<wp:comment_status>open</wp:comment_status>
		<wp:ping_status>open</wp:ping_status>
		<wp:post_name>post-format-audio-soundcloud-embed</wp:post_name>
		<wp:status>publish</wp:status>
		<wp:post_parent>0</wp:post_parent>
		<wp:menu_order>0</wp:menu_order>
		<wp:post_type>post</wp:post_type>
		<wp:post_password></wp:post_password>
		<wp:is_sticky>0</wp:is_sticky>
		<category domain="category" nicename="audio"><![CDATA[Audio]]></category>
		<category domain="post_tag" nicename="audio-2"><![CDATA[audio]]></category>
		<category domain="post_tag" nicename="music"><![CDATA[music]]></category>
		<category domain="post_format" nicename="post-format-audio"><![CDATA[Audio]]></category>
		<category domain="post_tag" nicename="sound"><![CDATA[sound]]></category>
		<wp:postmeta>
			<wp:meta_key>_edit_last</wp:meta_key>
			<wp:meta_value><![CDATA[1]]></wp:meta_value>
		</wp:postmeta>
	</item>
	<item>
				<title>BOOK / BRING IDEAS TO LIFE</title>
		<link>http://themes.pixelwars.org/cvcard-wp/book-bring-ideas-to-life/</link>
		<pubDate>Sun, 16 Mar 2014 17:32:36 +0000</pubDate>
		<dc:creator><![CDATA[JOHNNYDOE]]></dc:creator>
		<guid isPermaLink="false">http://themes.pixelwars.org/cvcard-wp/?p=81</guid>
		<description></description>
		<content:encoded><![CDATA[[media_wrap]<iframe src="http://player.vimeo.com/video/75045142?title=0&amp;byline=0&amp;color=096" height="281" width="500"></iframe>[/media_wrap]

Paper is where ideas begin. It’s the easiest and most beautiful way to create on the new iPad. Capture your ideas as sketches, diagrams, illustrations, notes or drawings and instantly share them across the web. Download “Paper by FiftyThree” from the App Store.]]></content:encoded>
		<excerpt:encoded><![CDATA[]]></excerpt:encoded>
		<wp:post_id>81</wp:post_id>
		<wp:post_date>2014-03-16 17:32:36</wp:post_date>
		<wp:post_date_gmt>2014-03-16 17:32:36</wp:post_date_gmt>
		<wp:comment_status>open</wp:comment_status>
		<wp:ping_status>open</wp:ping_status>
		<wp:post_name>book-bring-ideas-to-life</wp:post_name>
		<wp:status>publish</wp:status>
		<wp:post_parent>0</wp:post_parent>
		<wp:menu_order>0</wp:menu_order>
		<wp:post_type>post</wp:post_type>
		<wp:post_password></wp:post_password>
		<wp:is_sticky>0</wp:is_sticky>
		<category domain="post_format" nicename="post-format-video"><![CDATA[Video]]></category>
		<category domain="category" nicename="video"><![CDATA[Video]]></category>
		<category domain="post_tag" nicename="video-2"><![CDATA[video]]></category>
		<category domain="post_tag" nicename="vimeo"><![CDATA[vimeo]]></category>
		<category domain="post_tag" nicename="youtube"><![CDATA[youtube]]></category>
		<wp:postmeta>
			<wp:meta_key>_edit_last</wp:meta_key>
			<wp:meta_value><![CDATA[1]]></wp:meta_value>
		</wp:postmeta>
	</item>
	<item>
				<title>10 TIPS FOR BETTER CHARACTER SKETCHING</title>
		<link>http://themes.pixelwars.org/cvcard-wp/10-tips-for-better-character-sketching/</link>
		<pubDate>Sat, 05 Apr 2014 17:35:13 +0000</pubDate>
		<dc:creator><![CDATA[JOHNNYDOE]]></dc:creator>
		<guid isPermaLink="false">http://themes.pixelwars.org/cvcard-wp/?p=83</guid>
		<description></description>
		<content:encoded><![CDATA[Responsive web design offers us a way forward, finally allowing us to design for the ebb and flow of things. There are many variations of passages of Lorem Ipsum available, but the majority have suffered alteration in some form, by injected humour, or randomised words which don't look even slightly.]]></content:encoded>
		<excerpt:encoded><![CDATA[]]></excerpt:encoded>
		<wp:post_id>83</wp:post_id>
		<wp:post_date>2014-04-05 17:35:13</wp:post_date>
		<wp:post_date_gmt>2014-04-05 17:35:13</wp:post_date_gmt>
		<wp:comment_status>open</wp:comment_status>
		<wp:ping_status>open</wp:ping_status>
		<wp:post_name>10-tips-for-better-character-sketching</wp:post_name>
		<wp:status>publish</wp:status>
		<wp:post_parent>0</wp:post_parent>
		<wp:menu_order>0</wp:menu_order>
		<wp:post_type>post</wp:post_type>
		<wp:post_password></wp:post_password>
		<wp:is_sticky>0</wp:is_sticky>
		<category domain="post_tag" nicename="tip"><![CDATA[tip]]></category>
		<category domain="post_tag" nicename="tips"><![CDATA[tips]]></category>
		<category domain="category" nicename="typography"><![CDATA[Typography]]></category>
		<wp:postmeta>
			<wp:meta_key>_edit_last</wp:meta_key>
			<wp:meta_value><![CDATA[1]]></wp:meta_value>
		</wp:postmeta>
	</item>
	<item>
				<title>POST FORMAT : CHAT</title>
		<link>http://themes.pixelwars.org/cvcard-wp/post-format-chat/</link>
		<pubDate>Sun, 06 Apr 2014 17:40:12 +0000</pubDate>
		<dc:creator><![CDATA[JOHNNYDOE]]></dc:creator>
		<guid isPermaLink="false">http://themes.pixelwars.org/cvcard-wp/?p=85</guid>
		<description></description>
		<content:encoded><![CDATA[JOHN: Hey there

MARY: This is an example of a WordPress page, you could edit this to put information about yourself or your site so readers know where you are coming from.

JOHN: What is this

SMITH: Aye, matey!

JOE: Huh?]]></content:encoded>
		<excerpt:encoded><![CDATA[]]></excerpt:encoded>
		<wp:post_id>85</wp:post_id>
		<wp:post_date>2014-04-06 17:40:12</wp:post_date>
		<wp:post_date_gmt>2014-04-06 17:40:12</wp:post_date_gmt>
		<wp:comment_status>open</wp:comment_status>
		<wp:ping_status>open</wp:ping_status>
		<wp:post_name>post-format-chat</wp:post_name>
		<wp:status>publish</wp:status>
		<wp:post_parent>0</wp:post_parent>
		<wp:menu_order>0</wp:menu_order>
		<wp:post_type>post</wp:post_type>
		<wp:post_password></wp:post_password>
		<wp:is_sticky>0</wp:is_sticky>
		<category domain="post_tag" nicename="conversation"><![CDATA[conversation]]></category>
		<category domain="post_format" nicename="post-format-chat"><![CDATA[Chat]]></category>
		<category domain="post_tag" nicename="speak"><![CDATA[speak]]></category>
		<category domain="category" nicename="uncategorized"><![CDATA[Uncategorized]]></category>
		<wp:postmeta>
			<wp:meta_key>_edit_last</wp:meta_key>
			<wp:meta_value><![CDATA[1]]></wp:meta_value>
		</wp:postmeta>
	</item>
	<item>
				<title>POST FORMAT : STATUS</title>
		<link>http://themes.pixelwars.org/cvcard-wp/post-format-status/</link>
		<pubDate>Mon, 07 Apr 2014 18:03:22 +0000</pubDate>
		<dc:creator><![CDATA[JOHNNYDOE]]></dc:creator>
		<guid isPermaLink="false">http://themes.pixelwars.org/cvcard-wp/?p=88</guid>
		<description></description>
		<content:encoded><![CDATA[I am having good time with my friends at Starbucks, classic!]]></content:encoded>
		<excerpt:encoded><![CDATA[]]></excerpt:encoded>
		<wp:post_id>88</wp:post_id>
		<wp:post_date>2014-04-07 18:03:22</wp:post_date>
		<wp:post_date_gmt>2014-04-07 18:03:22</wp:post_date_gmt>
		<wp:comment_status>open</wp:comment_status>
		<wp:ping_status>open</wp:ping_status>
		<wp:post_name>post-format-status</wp:post_name>
		<wp:status>publish</wp:status>
		<wp:post_parent>0</wp:post_parent>
		<wp:menu_order>0</wp:menu_order>
		<wp:post_type>post</wp:post_type>
		<wp:post_password></wp:post_password>
		<wp:is_sticky>0</wp:is_sticky>
		<category domain="post_tag" nicename="classic"><![CDATA[classic]]></category>
		<category domain="post_tag" nicename="coffee"><![CDATA[coffee]]></category>
		<category domain="post_tag" nicename="good"><![CDATA[good]]></category>
		<category domain="post_format" nicename="post-format-status"><![CDATA[Status]]></category>
		<category domain="category" nicename="uncategorized"><![CDATA[Uncategorized]]></category>
		<wp:postmeta>
			<wp:meta_key>_edit_last</wp:meta_key>
			<wp:meta_value><![CDATA[1]]></wp:meta_value>
		</wp:postmeta>
	</item>
	<item>
				<title>POST FORMAT : LINK</title>
		<link>http://themes.pixelwars.org/cvcard-wp/post-format-link/</link>
		<pubDate>Tue, 08 Apr 2014 18:13:00 +0000</pubDate>
		<dc:creator><![CDATA[JOHNNYDOE]]></dc:creator>
		<guid isPermaLink="false">http://themes.pixelwars.org/cvcard-wp/?p=90</guid>
		<description></description>
		<content:encoded><![CDATA[<div>[link_wrap]<a title="smashing magazine" href="http://www.smashingmagazine.com/" target="_blank">SMASHING MAGAZINE</a>[/link_wrap]</div>
You should definetly visit this site, lots of useful stuff for web designers!]]></content:encoded>
		<excerpt:encoded><![CDATA[]]></excerpt:encoded>
		<wp:post_id>90</wp:post_id>
		<wp:post_date>2014-04-08 18:13:00</wp:post_date>
		<wp:post_date_gmt>2014-04-08 18:13:00</wp:post_date_gmt>
		<wp:comment_status>open</wp:comment_status>
		<wp:ping_status>open</wp:ping_status>
		<wp:post_name>post-format-link</wp:post_name>
		<wp:status>publish</wp:status>
		<wp:post_parent>0</wp:post_parent>
		<wp:menu_order>0</wp:menu_order>
		<wp:post_type>post</wp:post_type>
		<wp:post_password></wp:post_password>
		<wp:is_sticky>0</wp:is_sticky>
		<category domain="post_tag" nicename="free"><![CDATA[free]]></category>
		<category domain="post_format" nicename="post-format-link"><![CDATA[Link]]></category>
		<category domain="post_tag" nicename="stuff"><![CDATA[stuff]]></category>
		<category domain="category" nicename="uncategorized"><![CDATA[Uncategorized]]></category>
		<wp:postmeta>
			<wp:meta_key>_edit_last</wp:meta_key>
			<wp:meta_value><![CDATA[1]]></wp:meta_value>
		</wp:postmeta>
	</item>
	<item>
				<title>DESIGNING FOR A BEAUTIFUL WEB</title>
		<link>http://themes.pixelwars.org/cvcard-wp/designing-for-a-beautiful-web/</link>
		<pubDate>Wed, 09 Apr 2014 18:19:02 +0000</pubDate>
		<dc:creator><![CDATA[JOHNNYDOE]]></dc:creator>
		<guid isPermaLink="false">http://themes.pixelwars.org/cvcard-wp/?p=92</guid>
		<description></description>
		<content:encoded><![CDATA[Responsive web design offers us a way forward, finally allowing us to design for the ebb and flow of things. There are many variations of passages of Lorem Ipsum available, but the majority have suffered alteration in some form, by injected humour, or randomised words which don't look even slightly.

Nullam at ligula ac metus molestie hendrerit et id odio. Integer fringilla imperdiet arcu nec scelerisque. Quisque mollis, lorem sit amet porttitor convallis, sem lectus tincidunt libero, quis tincidunt justo leo et purus. Nulla vitae ullamcorper magna. Fusce quis ultrices magna, ultricies auctor nibh. Mauris massa orci, pretium nec imperdiet eget, ornare et quam. Sed fermentum rutrum pharetra. Quisque gravida congue eros, et mollis magna sagittis in. Sed condimentum pretium enim, sit amet facilisis magna luctus ut. Etiam consectetur nulla pulvinar varius varius. Phasellus tristique, massa sed semper interdum, velit lorem suscipit massa, ut pellentesque turpis lectus ut magna. Ut semper pulvinar neque, nec congue tellus egestas sit amet. Phasellus arcu purus, placerat et faucibus sed, pretium quis nunc. Sed tempus in tortor ac pulvinar. Phasellus tristique id diam eget vehicula.

Sed imperdiet facilisis mi, vitae posuere erat interdum in. Praesent sagittis aliquet nulla, iaculis pharetra risus rhoncus eget. Nulla et est id tortor ullamcorper luctus ut in mauris. Vestibulum vitae blandit neque. Pellentesque enim risus, sollicitudin et cursus sed, vehicula non sapien. Aliquam nec velit a risus semper porttitor eget ac nisi. Sed a commodo enim, ac aliquam mi. Vestibulum sodales convallis lacus, a viverra elit accumsan ac. Pellentesque habitant morbi tristique senectus et netus et malesuada fames ac turpis egestas. Sed laoreet massa et mi euismod, a vehicula lectus interdum. Pellentesque lorem nibh, commodo eget venenatis in, placerat sit amet orci. Aliquam id eleifend mi, eget dictum lorem.]]></content:encoded>
		<excerpt:encoded><![CDATA[]]></excerpt:encoded>
		<wp:post_id>92</wp:post_id>
		<wp:post_date>2014-04-09 18:19:02</wp:post_date>
		<wp:post_date_gmt>2014-04-09 18:19:02</wp:post_date_gmt>
		<wp:comment_status>open</wp:comment_status>
		<wp:ping_status>open</wp:ping_status>
		<wp:post_name>designing-for-a-beautiful-web</wp:post_name>
		<wp:status>publish</wp:status>
		<wp:post_parent>0</wp:post_parent>
		<wp:menu_order>0</wp:menu_order>
		<wp:post_type>post</wp:post_type>
		<wp:post_password></wp:post_password>
		<wp:is_sticky>0</wp:is_sticky>
		<category domain="category" nicename="design"><![CDATA[Design]]></category>
		<category domain="post_tag" nicename="standards"><![CDATA[standards]]></category>
		<category domain="post_tag" nicename="web"><![CDATA[web]]></category>
		<wp:postmeta>
			<wp:meta_key>_edit_last</wp:meta_key>
			<wp:meta_value><![CDATA[1]]></wp:meta_value>
		</wp:postmeta>
	</item>
	<item>
				<title>TIPS FOR BETTER CHARACTER SKETCHING</title>
		<link>http://themes.pixelwars.org/cvcard-wp/tips-for-better-character-sketching/</link>
		<pubDate>Thu, 10 Apr 2014 18:22:34 +0000</pubDate>
		<dc:creator><![CDATA[JOHNNYDOE]]></dc:creator>
		<guid isPermaLink="false">http://themes.pixelwars.org/cvcard-wp/?p=94</guid>
		<description></description>
		<content:encoded><![CDATA[[drop_cap]One morning, when Gregor Samsa woke from troubled dreams, he found himself transformed in his bed into a horrible vermin. He lay on his armour-like back, and if he lifted his head a little he could see his brown belly, slightly domed and divided by arches into stiff sections. The bedding was hardly able to cover it and seemed ready to slide off any moment. His many legs, pitifully thin compared with the size of the rest of him, waved about helplessly as he looked.[/drop_cap]

"What's happened to me?" he thought. It wasn't a dream. His room, a proper human room although a little too small, lay peacefully between its four familiar walls. A collection of textile samples lay spread out on the table - Samsa was a travelling salesman - and above it there hung a picture that he had recently cut out of an illustrated magazine and housed in a nice, gilded frame. It showed a lady fitted out with a fur hat and fur boa who sat upright, raising a heavy fur muff that covered the whole of her lower arm towards the viewer. Gregor then turned to look out the window at the dull weather. Drops of rain could be heard hitting the pane, which made him feel quite sad. "How about if I sleep a little bit longer and forget all this nonsense", he thought, but that was something he was unable to do because he was used to sleeping on his right, and in his present state couldn't get into that position. However hard he threw himself onto his right, he always rolled back to where he was. He must have tried it a hundred times, shut his eyes so that he wouldn't have to look at the floundering legs, and only stopped when he began to feel a mild, dull pain there that he had never felt before.

Lorem ipsum dolor sit amet, <em>emphasis</em> consectetuer adipiscing elit. Nullam dignissim convallis est. Quisque aliquam. Donec faucibus. Nunc iaculis suscipit dui. Nam sit amet sem. Aliquam libero nisi, imperdiet at, tincidunt nec, gravida vehicula, nisl. Praesent mattis, massa quis luctus fermentum, turpis mi volutpat justo, eu volutpat enim diam eget metus. Maecenas ornare tortor. Donec sed tellus eget sapien fringilla nonummy. Mauris a ante. Suspendisse quam sem, consequat at, commodo vitae, feugiat in, nunc. Morbi imperdiet augue quis tellus.
<h2>Responsive Design, Goods and Bads</h2>
Lorem ipsum dolor sit amet, <a title="test link" href="http://themes.pixelwars.org/cvcard/blog-single.html#">test link</a> adipiscing elit. Nullam dignissim convallis est. Quisque aliquam. Donec faucibus. Nunc iaculis suscipit dui. Nam sit amet sem. Aliquam libero nisi, imperdiet at, tincidunt nec, gravida vehicula, nisl. Praesent mattis, massa quis luctus fermentum, turpis mi volutpat justo, eu volutpat enim diam eget metus. Maecenas ornare tortor. Donec sed tellus eget sapien fringilla nonummy. Mauris a ante. Suspendisse quam sem, consequat at, commodo vitae, feugiat in, nunc. Morbi imperdiet augue quis tellus.

[tagline]
<h3>This is a responsive template for showing what you think to everyone in the world, in any device. It's that simple!</h3>
[/tagline]

Lorem ipsum dolor sit amet, <a title="test link" href="http://themes.pixelwars.org/cvcard/blog-single.html#">test link</a> adipiscing elit. Nullam dignissim convallis est. Quisque aliquam. Donec faucibus. Nunc iaculis suscipit dui. Nam sit amet sem. Aliquam libero nisi, imperdiet at, tincidunt nec, gravida vehicula, nisl. Praesent mattis, massa quis luctus fermentum, turpis mi volutpat justo, eu volutpat enim diam eget metus. Maecenas ornare tortor. Donec sed tellus eget sapien fringilla nonummy. Mauris a ante. Suspendisse quam sem, consequat at, commodo vitae, feugiat in, nunc. Morbi imperdiet augue quis tellus.

Lorem ipsum dolor sit amet, <em>emphasis</em> consectetuer adipiscing elit. Nullam dignissim convallis est. Quisque aliquam. Donec faucibus. Nunc iaculis suscipit dui. Nam sit amet sem. Aliquam libero nisi, imperdiet at, tincidunt nec, gravida vehicula, nisl. Praesent mattis, massa quis luctus fermentum, turpis mi volutpat justo, eu volutpat enim diam eget metus. Maecenas ornare tortor. Donec sed tellus eget sapien fringilla nonummy. Mauris a ante. Suspendisse quam sem, consequat at, commodo vitae, feugiat in, nunc. Morbi imperdiet augue quis tellus.

[quote name="Ethan Marcotte"]Responsive web design offers us a way forward, finally allowing us to “design for the ebb and flow of things.”[/quote]
<h3>Web Design</h3>
Lorem ipsum dolor sit amet, <a title="test link" href="http://themes.pixelwars.org/cvcard/blog-single.html#">test link</a> adipiscing elit. Nullam dignissim convallis est. Quisque aliquam. Donec faucibus. Nunc iaculis suscipit dui. Nam sit amet sem. Aliquam libero nisi, imperdiet at, tincidunt nec, gravida vehicula, nisl. Praesent mattis, massa quis luctus fermentum, turpis mi volutpat justo, eu volutpat enim diam eget metus. Maecenas ornare tortor. Donec sed tellus eget sapien fringilla nonummy. Mauris a ante. Suspendisse quam sem, consequat at, commodo vitae, feugiat in, nunc. Morbi imperdiet augue quis tellus.

Lorem ipsum dolor sit amet, <em>emphasis</em> consectetuer adipiscing elit. Nullam dignissim convallis est. Quisque aliquam. Donec faucibus. Nunc iaculis suscipit dui. Nam sit amet sem. Aliquam libero nisi, imperdiet at, tincidunt nec, gravida vehicula, nisl. Praesent mattis, massa quis luctus fermentum, turpis mi volutpat justo, eu volutpat enim diam eget metus. Maecenas ornare tortor. Donec sed tellus eget sapien fringilla nonummy. Mauris a ante. Suspendisse quam sem, consequat at, commodo vitae, feugiat in, nunc. Morbi imperdiet augue quis tellus.
<h4>UI DESIGN</h4>
Lorem ipsum dolor sit amet, <a title="test link" href="http://themes.pixelwars.org/cvcard/blog-single.html#">test link</a> adipiscing elit. Nullam dignissim convallis est. Quisque aliquam. Donec faucibus. Nunc iaculis suscipit dui. Nam sit amet sem. Aliquam libero nisi, imperdiet at, tincidunt nec, gravida vehicula, nisl. Praesent mattis, massa quis luctus fermentum, turpis mi volutpat justo, eu volutpat enim diam eget metus. Maecenas ornare tortor. Donec sed tellus eget sapien fringilla nonummy. Mauris a ante. Suspendisse quam sem, consequat at, commodo vitae, feugiat in, nunc. Morbi imperdiet augue quis tellus.

Lorem ipsum dolor sit amet, <em>emphasis</em> consectetuer adipiscing elit. Nullam dignissim convallis est. Quisque aliquam. Donec faucibus. Nunc iaculis suscipit dui. Nam sit amet sem. Aliquam libero nisi, imperdiet at, tincidunt nec, gravida vehicula, nisl. Praesent mattis, massa quis luctus fermentum, turpis mi volutpat justo, eu volutpat enim diam eget metus. Maecenas ornare tortor. Donec sed tellus eget sapien fringilla nonummy. Mauris a ante. Suspendisse quam sem, consequat at, commodo vitae, feugiat in, nunc. Morbi imperdiet augue quis tellus.
<h5>Adaptive Design</h5>
Lorem ipsum dolor sit amet, <a title="test link" href="http://themes.pixelwars.org/cvcard/blog-single.html#">test link</a> adipiscing elit. Nullam dignissim convallis est. Quisque aliquam. Donec faucibus. Nunc iaculis suscipit dui. Nam sit amet sem. Aliquam libero nisi, imperdiet at, tincidunt nec, gravida vehicula, nisl. Praesent mattis, massa quis luctus fermentum, turpis mi volutpat justo, eu volutpat enim diam eget metus. Maecenas ornare tortor. Donec sed tellus eget sapien fringilla nonummy. Mauris a ante. Suspendisse quam sem, consequat at, commodo vitae, feugiat in, nunc. Morbi imperdiet augue quis tellus.

<img class="alignright size-full wp-image-207" alt="blog-01" src="http://themes.pixelwars.org/cvcard-wp/wp-content/uploads/2014/04/blog-01.png" width="400" height="300" />This is some text that will wrap around the image that sits on the right side of the text that you are writing about the leaf that is there. That is, if you are writing about leaves in the first place and you want to write about this specific leaf. Lorem ipsum dolor sit amet, <em>emphasis</em> consectetuer adipiscing elit. Nullam dignissim convallis est. Quisque aliquam. Donec faucibus. Nunc iaculis suscipit dui. Nam sit amet sem. Aliquam libero nisi, imperdiet at, tincidunt nec, gravida vehicula, nisl. Praesent mattis, massa quis luctus fermentum, turpis mi volutpat justo, eu volutpat enim diam eget metus. Maecenas ornare tortor. Donec sed tellus eget sapien fringilla nonummy. Mauris a ante. Suspendisse quam sem, consequat at, commodo vitae, feugiat in, nunc. Morbi imperdiet augue quis tellus. Donec faucibus. Nunc iaculis suscipit dui. Nam sit amet sem. Aliquam libero nisi, imperdiet at, tincidunt nec, gravida vehicula, nisl. Praesent mattis, massa quis luctus fermentum, turpis mi volutpat justo, eu volutpat enim diam eget metus. Maecenas ornare tortor. Donec sed tellus eget sapien fringilla nonummy. Mauris a ante. Suspendisse quam sem, consequat at, commodo vitae, feugiat in, nunc. Morbi imperdiet augue quis tellus.
<h3>HTML</h3>
[code_block_prettify]
&lt;meta charset="utf-8" /&gt;
&lt;meta name="viewport" content="width=device-width, initial-scale=1, maximum-scale=1"&gt;
&lt;meta name="description" content="impressiVcard - impressiVCard Responsive HTML5 VCard Template"&gt;
&lt;meta name="keywords" content="impressivcard, vcard, html5, ,portfolio"&gt;
&lt;meta name="author" content="Pixelwars"&gt;

&lt;title&gt;ImpressivCard&lt;/title&gt;
[/code_block_prettify]
<h3>CSS</h3>
[code_block_line_numbers]
/* TYPOGRAPHY */
h1 { font-size: 2.20em; margin: 0.8em 0 0.4em 0; }
h2 { font-size: 1.60em; margin: 1.4em 0 0.8em 0; }
h3 { font-size: 1.20em; margin: 1.0em 0; }
h4 { font-size: 0.90em; margin: 1.0em 0; }
h5 { font-size: 0.90em; margin: 1.0em 0 .8em 0; }
h6 { font-size: 0.85em; margin: 1.0em 0 .8em 0; }
[/code_block_line_numbers]

Hope you enjoy this little project.

[project_action]
[button text="DOWNLOAD" size="big" icon="fa-cloud-download" color="blue" url="#"][button text="PREVIEW" size="big" icon="fa-eye" url="#"][button text="GITHUB" size="big" icon="fa-github" color="red" url="#"]
[/project_action]]]></content:encoded>
		<excerpt:encoded><![CDATA[Responsive web design offers us a way forward, finally allowing us to design for the ebb and flow of things. There are many variations of passages of Lorem Ipsum available, but the majority have suffered alteration in some form, by injected humour, or randomised words which don't look even slightly.]]></excerpt:encoded>
		<wp:post_id>94</wp:post_id>
		<wp:post_date>2014-04-10 18:22:34</wp:post_date>
		<wp:post_date_gmt>2014-04-10 18:22:34</wp:post_date_gmt>
		<wp:comment_status>open</wp:comment_status>
		<wp:ping_status>open</wp:ping_status>
		<wp:post_name>tips-for-better-character-sketching</wp:post_name>
		<wp:status>publish</wp:status>
		<wp:post_parent>0</wp:post_parent>
		<wp:menu_order>0</wp:menu_order>
		<wp:post_type>post</wp:post_type>
		<wp:post_password></wp:post_password>
		<wp:is_sticky>0</wp:is_sticky>
		<category domain="post_tag" nicename="film"><![CDATA[film]]></category>
		<category domain="post_tag" nicename="lee"><![CDATA[lee]]></category>
		<category domain="post_tag" nicename="star"><![CDATA[star]]></category>
		<category domain="category" nicename="typography"><![CDATA[Typography]]></category>
		<wp:postmeta>
			<wp:meta_key>_edit_last</wp:meta_key>
			<wp:meta_value><![CDATA[1]]></wp:meta_value>
		</wp:postmeta>
		<wp:postmeta>
			<wp:meta_key>_thumbnail_id</wp:meta_key>
			<wp:meta_value><![CDATA[68]]></wp:meta_value>
		</wp:postmeta>
		<wp:comment>
			<wp:comment_id>6</wp:comment_id>
			<wp:comment_author><![CDATA[JOHNNY DOE]]></wp:comment_author>
			<wp:comment_author_email>cvcard-wp-johnny-doe@pixelwars.org</wp:comment_author_email>
			<wp:comment_author_url>http://themes.pixelwars.org/cvcard-wp</wp:comment_author_url>
			<wp:comment_author_IP>88.233.178.9</wp:comment_author_IP>
			<wp:comment_date>2014-04-11 23:06:19</wp:comment_date>
			<wp:comment_date_gmt>2014-04-11 23:06:19</wp:comment_date_gmt>
			<wp:comment_content><![CDATA[Thanks Phillip, glad you liked it. Nice to see you around.]]></wp:comment_content>
			<wp:comment_approved>1</wp:comment_approved>
			<wp:comment_type></wp:comment_type>
			<wp:comment_parent>4</wp:comment_parent>
			<wp:comment_user_id>2</wp:comment_user_id>
		</wp:comment>
		<wp:comment>
			<wp:comment_id>7</wp:comment_id>
			<wp:comment_author><![CDATA[GARY MORGAN]]></wp:comment_author>
			<wp:comment_author_email>cvcard-wp-gary-morgan@pixelwars.org</wp:comment_author_email>
			<wp:comment_author_url>http://www.example.com</wp:comment_author_url>
			<wp:comment_author_IP>88.233.178.9</wp:comment_author_IP>
			<wp:comment_date>2014-04-11 23:08:02</wp:comment_date>
			<wp:comment_date_gmt>2014-04-11 23:08:02</wp:comment_date_gmt>
			<wp:comment_content><![CDATA[Hey guys, c'mon this is old stuff!]]></wp:comment_content>
			<wp:comment_approved>1</wp:comment_approved>
			<wp:comment_type></wp:comment_type>
			<wp:comment_parent>6</wp:comment_parent>
			<wp:comment_user_id>0</wp:comment_user_id>
		</wp:comment>
		<wp:comment>
			<wp:comment_id>4</wp:comment_id>
			<wp:comment_author><![CDATA[PHILLIP AUSTIN]]></wp:comment_author>
			<wp:comment_author_email>cvcard-wp-phillip-austin@pixelwars.org</wp:comment_author_email>
			<wp:comment_author_url>http://www.example.com</wp:comment_author_url>
			<wp:comment_author_IP>88.233.178.9</wp:comment_author_IP>
			<wp:comment_date>2014-04-11 23:01:40</wp:comment_date>
			<wp:comment_date_gmt>2014-04-11 23:01:40</wp:comment_date_gmt>
			<wp:comment_content><![CDATA[Hi, this is a very useful article. It is a long established fact that a reader will be distracted by the readable content of a page when looking at its layout.]]></wp:comment_content>
			<wp:comment_approved>1</wp:comment_approved>
			<wp:comment_type></wp:comment_type>
			<wp:comment_parent>0</wp:comment_parent>
			<wp:comment_user_id>0</wp:comment_user_id>
		</wp:comment>
		<wp:comment>
			<wp:comment_id>8</wp:comment_id>
			<wp:comment_author><![CDATA[GARY MORGAN]]></wp:comment_author>
			<wp:comment_author_email>cvcard-wp-gary-morgan@pixelwars.org</wp:comment_author_email>
			<wp:comment_author_url>http://www.example.com</wp:comment_author_url>
			<wp:comment_author_IP>88.233.178.9</wp:comment_author_IP>
			<wp:comment_date>2014-04-11 23:09:04</wp:comment_date>
			<wp:comment_date_gmt>2014-04-11 23:09:04</wp:comment_date_gmt>
			<wp:comment_content><![CDATA[Hi, this is cool but i know something cooler than this, new iPad!]]></wp:comment_content>
			<wp:comment_approved>1</wp:comment_approved>
			<wp:comment_type></wp:comment_type>
			<wp:comment_parent>0</wp:comment_parent>
			<wp:comment_user_id>0</wp:comment_user_id>
		</wp:comment>
	</item>
</channel>
</rss>
